question,ground_truth,prediction,cls,change_type,rouge_l
Is there evidence that one image was taken more recently than the other?,There is no strong temporal indicator. Both T1 and T2 show pastoral grazing land and meadows with the scene remains essentially unchanged with only minor brightness or contrast differences from natural variation. The minor variations in brightness and contrast are consistent with different atmospheric conditions or sensor calibration rather than actual land-cover change.,Question is there evidence that one image was taken with a higher resolution than the other? Yes there is. Both T1 and T2 show agricultural fields with annual crops with the scene remains essentially unchanged with only minor brightness or contrast differences from natural variation. The minor variations in brightness and contrast are consistent with different atmospheric conditions or sensor calibration rather than actual land-cover change. The minor variations in brightness and contrast are consistent with different atmospheric conditions or sensor calibration rather than actual land-cover change. This pattern of stable land cover with minor variations in brightness and contrast is characteristic of temporal sequence of T1 → T2. This pattern of stable land,Pasture,no_change,0.5325
What type of land-cover change has occurred between T1 and T2?,"The observed change is classified as deforestation. The T1 observation shows dense green tree canopy with continuous forest cover, while T2 reveals brown bare soil patches where trees have been removed, with irregular clearing boundaries. This pattern of dense forest → cleared bare land is characteristic of deforestation processes.","Question of the observed change, the observed change is classified as deforestation. The T1 observation shows dense green tree canopy with continuous forest cover, while T2 reveals brown bare soil patches where trees have been removed, with irregular clearing boundaries. This pattern of dense forest → cleared bare land is characteristic of deforestation processes. This pattern of dense forest → cleared bare land is characteristic of deforestation processes. The T1 observation shows dense green tree canopy with continuous forest cover, while T2 reveals brown bare soil patches where trees have been removed, with irregular clearing boundaries. This pattern of dense forest → cleared bare land is characteristic of deforestation processes. This process is",Forest,deforestation,0.6076
What type of land-cover change has occurred between T1 and T2?,"The observed change is classified as deforestation. The T1 observation shows dense green tree canopy with continuous forest cover, while T2 reveals brown bare soil patches where trees have been removed, with irregular clearing boundaries. This pattern of dense forest → cleared bare land is characteristic of deforestation processes.","Question is classified as deforestation. The T1 observation shows dense green tree canopy with continuous forest cover, while T2 reveals brown bare soil patches where trees have been removed, with irregular clearing boundaries. This pattern of dense forest → cleared bare land is characteristic of deforestation processes. This pattern of dense forest → cleared bare land is characteristic of deforestation processes. The abrupt transition from intact canopy to exposed soil consistent with recent clearing indicates deforestation. This pattern of dense forest → cleared bare land is characteristic of deforestation processes. This process is consistent with clearing of dense forest to expose bare soil, which is characteristic of deforestation processes. This pattern of dense forest → cleared",HerbaceousVegetation,deforestation,0.5625
Is T2 more recent than T1? What evidence suggests this?,"Yes, T2 appears to be the more recent observation. The progression shows green growing crops → brown harvested fields, which follows a logical temporal sequence. The natural seasonal progression consistent with agricultural harvest cycle confirms that T2 was acquired after T1.","Question is yes, T2 appears to be the more recent observation. The progression shows green growing crops → brown harvested fields, which follows a logical temporal sequence. The natural seasonal progression consistent with agricultural harvest cycle confirms that T2 was acquired after T1. The natural seasonal progression consistent with agricultural harvest cycle confirms that T2 was acquired after T1. The natural seasonal progression consistent with agricultural harvest cycle confirms that T2 was acquired after T1. The natural seasonal progression consistent with agricultural harvest cycle confirms that T2 was acquired after T1. The natural seasonal progression consistent with agricultural harvest cycle confirms that T2 was acquired after T1. The",PermanentCrop,seasonal_crop,0.5442
What changes occurred in this area between the two observation times?,"Comparing the two timestamps, this area has experienced destruction of vegetation by wildfire leaving charred remnants and burn scars. In T1, the scene shows healthy green vegetation cover with intact canopy or ground cover, characteristic of dense forest with tree canopy cover. In T2, the scene now shows dark charred patches with orange-brown fire edge boundaries, severely damaged vegetation. The transition from healthy vegetation → charred burn scar is clearly visible.","Question: Comparing the two timestamps, this area has experienced destruction of vegetation by wildfire leaving charred remnants and burn scars. In T1, the scene shows healthy green vegetation cover with intact canopy or ground cover, characteristic of dense forest with tree canopy cover. In T2, the scene now shows dark charred patches with orange-brown fire edge boundaries, severely damaged vegetation. The transition from healthy vegetation → charred burn scar is clearly visible. The abrupt, non-seasonal vegetation loss with characteristic burn scar patterns indicates fire or burn scar. This pattern of healthy vegetation → charred burn scar is characteristic of fire or burn scar processes.",Forest,fire_burn,0.8114
What are the potential implications of the observed changes?,"The flooding observed between T1 and T2 has significant implications: displacement of communities, crop destruction, infrastructure damage, potential waterborne disease risk. The original river channels and riparian zones in T1 has been affected by inundation of previously dry terrain by water from rainfall, river overflow, or storm surge, as evidenced by dark blue-brown water patches covering low-lying areas, submerged vegetation, turbid water surface visible in T2.","Question the flooding observed between T1 and T2 has significant implications: displacement of communities, crop destruction, infrastructure damage, potential waterborne disease risk. The original river channels and riparian zones in T1 has been affected by inundation of previously dry terrain by water from rainfall, river overflow, or storm surge, as evidenced by dark blue-brown water patches covering low-lying areas, submerged vegetation, turbid water surface visible in T2. The original river channels and riparian zones in T1 has been affected by inundation of previously dry terrain by water from rainfall, river overflow, or storm surge, as evidenced by dark blue",River,flooding,0.8047
How extensive is the change between T1 and T2?,"The change extent is moderate to significant — new structures cover portions of the previously open landscape. In T1, the original dense forest with tree canopy cover landscape is visible. In T2, grey rectangular structures resembling buildings, paved road-like features, and reduced vegetation. The progressive development with new construction replacing vegetation indicates urbanisation.","The change extent is moderate to significant — new structures cover portions of the previously open landscape. In T1, the original dense forest with tree canopy cover landscape is visible. In T2, grey rectangular structures resembling buildings, paved road-like features, and reduced vegetation. The progressive development with new construction replacing vegetation indicates urbanisation. The progressive development with new construction replacing vegetation indicates urbanisation. This pattern of progressive development with new construction replacing vegetation consistent with urbanisation indicates urbanisation.",Forest,urbanisation,0.8092
How extensive is the change between T1 and T2?,"The change extent is moderate to significant — new structures cover portions of the previously open landscape. In T1, the original grasslands and herbaceous vegetation landscape is visible. In T2, grey rectangular structures resembling buildings, paved road-like features, and reduced vegetation. The progressive development with new construction replacing vegetation indicates urbanisation.","Question: The change extent is moderate to significant — new structures cover portions of the previously open landscape. In T1, the original grasslands and herbaceous vegetation landscape is visible. In T2, grey rectangular structures resembling buildings, paved road-like features, and reduced vegetation. The progressive development with new construction replacing vegetation indicates urbanisation. The progressive development with new construction replacing vegetation indicates urbanisation. This pattern of progressive development with new construction replacing vegetation consistent with urbanisation indicates urbanisation.I think it's safe to say that T2 indicates urbanisation. The grey rectangular structures resembling buildings indicate urbanisation while T1 indicates natural vegetation",HerbaceousVegetation,urbanisation,0.6711
What changes occurred in this area between the two observation times?,"Comparing the two timestamps, this area has experienced inundation of previously dry terrain by water from rainfall, river overflow, or storm surge. In T1, the scene shows normal dry terrain with vegetation, fields, or mixed land cover, characteristic of large water bodies and coastal areas. In T2, the scene now shows dark blue-brown water patches covering low-lying areas, submerged vegetation, turbid water surface. The transition from dry land → water inundation is clearly visible.","Question changes occurred in both timestamps. In T1, the scene shows the scene shows its characteristic land cover features, characteristic of large water bodies and coastal areas. In T2, the scene now shows the scene remains essentially unchanged with only minor brightness or contrast differences from natural variation. The transition from stable land cover → same land cover is clearly visible. This pattern of stable land cover → same land cover is characteristic of river channels and riparian zones. The progressive transition from same land cover → same land cover is clearly visible. This pattern of stable land cover → same land cover is characteristic of river channels and riparian zones. The",SeaLake,flooding,0.3169
What type of land-cover change has occurred between T1 and T2?,"The observed change is classified as flooding. The T1 observation shows normal dry terrain with vegetation, fields, or mixed land cover, while T2 reveals dark blue-brown water patches covering low-lying areas, submerged vegetation, turbid water surface. This pattern of dry land → water inundation is characteristic of flooding processes.","Question type of change is classified as flooding. The T1 observation shows normal dry terrain with vegetation, fields, or mixed land cover, while T2 reveals dark blue-brown water patches covering low-lying areas, submerged vegetation, turbid water surface. This pattern of dry land → water inundation is characteristic of flooding processes. This process is consistent with the occurrence of water patches covering low-lying areas. This pattern of dry land → water inundation is characteristic of flooding processes. This process is consistent with river inundation processes. This pattern of dry land → water inundation is characteristic of river inundation processes. This process is consistent",SeaLake,flooding,0.6316
How extensive is the change between T1 and T2?,"The change extent is negligible — no meaningful land cover change detected. In T1, the original permanent crop plantations and orchards landscape is visible. In T2, the scene remains essentially unchanged with only minor brightness or contrast differences from natural variation. The consistent appearance across both timestamps indicating temporal stability indicates no significant change.","Question — The change extent is negligible — no meaningful land cover change detected. In T1, the original permanent crop plantations and orchards landscape is visible. In T2, the scene remains essentially unchanged with only minor brightness or contrast differences from natural variation. The consistent appearance across both timestamps indicating temporal stability indicates no significant change. The consistent appearance across both timestamps indicating temporal stability indicates no significant change. This pattern of stable land cover with only minor brightness or contrast differences indicates no significant change. The natural variation between timestamps indicates no significant change. This pattern of stable land cover → same land cover is characteristic of satellite",PermanentCrop,no_change,0.6667
What are the potential implications of the observed changes?,"The fire or burn scar observed between T1 and T2 has significant implications: ecosystem destruction, wildlife habitat loss, air quality degradation, increased runoff and erosion risk. The original permanent crop plantations and orchards in T1 has been affected by destruction of vegetation by wildfire leaving charred remnants and burn scars, as evidenced by dark charred patches with orange-brown fire edge boundaries, severely damaged vegetation visible in T2.","Question the fire or burn scar observed between T1 and T2 has significant implications: ecosystem destruction, wildlife habitat loss, air quality degradation, increased runoff and erosion risk. The original permanent crop plantations and orchards in T1 has been affected by destruction of vegetation by wildfire leaving charred remnants and burn scars, as evidenced by dark charred patches with orange-brown fire edge boundaries, severely damaged vegetation visible in T2. The original permanent crop plantations and orchards in T1 has been affected by destruction of vegetation by wildfire leaving charred remnants and burn scars, as evidenced by dark charred patches with orange-brown fire edge boundaries, severely damaged",PermanentCrop,fire_burn,0.7771
What type of land-cover change has occurred between T1 and T2?,"The observed change is classified as flooding. The T1 observation shows normal dry terrain with vegetation, fields, or mixed land cover, while T2 reveals dark blue-brown water patches covering low-lying areas, submerged vegetation, turbid water surface. This pattern of dry land → water inundation is characteristic of flooding processes.","Question type of change is classified as flooding. The T1 observation shows normal dry terrain with vegetation, fields, or mixed land cover, while T2 reveals dark blue-brown water patches covering low-lying areas, submerged vegetation, turbid water surface. This pattern of dry land → water inundation is characteristic of flooding processes. This process is consistent with the appearance of dark blue-brown water patches covering low-lying areas, submerged vegetation, turbid water surface. This pattern of dry land → water inundation is characteristic of flooding processes. This process is consistent with the appearance of dark blue-brown water patches covering low-lying areas",SeaLake,flooding,0.6316
Is T2 more recent than T1? What evidence suggests this?,"Yes, T2 appears to be the more recent observation. The progression shows healthy vegetation → charred burn scar, which follows a logical temporal sequence. The abrupt, non-seasonal vegetation loss with characteristic burn scar patterns confirms that T2 was acquired after T1.","Question is yes, T2 appears to be the more recent observation. The progression shows healthy vegetation → charred burn scar, which follows a logical temporal sequence. The abrupt, non-seasonal vegetation loss with characteristic burn scar patterns confirms that T2 was acquired after T1. The natural, stable vegetation cover with characteristic burn scar patterns confirms that T2 was acquired after T1. This temporal sequence consistent with natural vegetation loss → charred burn scar pattern indicates that T2 was acquired after T1. The natural, stable vegetation cover → charred burn scar pattern indicates that T2 was acquired after T1. The progressive, non-seasonal vegetation",Forest,fire_burn,0.5816
What are the potential implications of the observed changes?,"The flooding observed between T1 and T2 has significant implications: displacement of communities, crop destruction, infrastructure damage, potential waterborne disease risk. The original agricultural fields with annual crops in T1 has been affected by inundation of previously dry terrain by water from rainfall, river overflow, or storm surge, as evidenced by dark blue-brown water patches covering low-lying areas, submerged vegetation, turbid water surface visible in T2.","Question: The flooding observed between T1 and T2 has significant implications: displacement of communities, crop destruction, infrastructure damage, potential waterborne disease risk. The original agricultural fields with annual crops in T1 has been affected by inundation of previously dry terrain by water from rainfall, river overflow, or storm surge, as evidenced by dark blue-brown water patches covering low-lying areas, submerged vegetation, turbid water surface visible in T2. The original agricultural fields with annual crops in T1 has been affected by inundation of previously dry terrain by water from rainfall, river overflow, or storm surge, as evidenced by dark blue-",AnnualCrop,flooding,0.8047
What type of land-cover change has occurred between T1 and T2?,"The observed change is classified as seasonal crop change. The T1 observation shows green agricultural fields with visible crop growth and active vegetation, while T2 reveals brown-yellow harvested or bare fields with crop stubble residue and reduced vegetation. This pattern of green growing crops → brown harvested fields is characteristic of seasonal crop change processes.","Question of the observed change, the observed change is classified as seasonal crop change. The T1 observation shows green agricultural fields with visible crop growth and active vegetation, while T2 reveals brown-yellow harvested or bare fields with crop stubble residue and reduced vegetation. This pattern of green growing crops → brown harvested fields is characteristic of seasonal crop change processes. This process is consistent with seasonal crop change processes occurring between the two observation times. This pattern of green growing crops → brown harvested fields is characteristic of seasonal crop change processes. This process is consistent with seasonal crop change processes occurring between the two observation times. This process is consistent with seasonal crop change",Pasture,seasonal_crop,0.6509
What are the potential implications of the observed changes?,"The urbanisation observed between T1 and T2 has significant implications: loss of agricultural or natural land, increased impervious surfaces, altered local hydrology, potential urban heat island effects. The original agricultural fields with annual crops in T1 has been affected by conversion of natural or agricultural land to built-up urban area, as evidenced by grey rectangular structures resembling buildings, paved road-like features, and reduced vegetation visible in T2.","Question: What are the potential implications of the observed change? The urbanisation observed between T1 and T2 has significant implications: loss of agricultural or natural land, increased impervious surfaces, altered local hydrology, potential urban heat island effects. The original agricultural fields with annual crops in T1 has been affected by conversion of natural or agricultural land to built-up urban area, as evidenced by grey rectangular structures resembling buildings, paved road-like features, and reduced vegetation visible in T2. The progressive conversion of natural or agricultural land to built-up urban area consistent with T2 indicates urbanisation by conversion of natural or agricultural land to",AnnualCrop,urbanisation,0.7931
What are the potential implications of the observed changes?,"The fire or burn scar observed between T1 and T2 has significant implications: ecosystem destruction, wildlife habitat loss, air quality degradation, increased runoff and erosion risk. The original dense forest with tree canopy cover in T1 has been affected by destruction of vegetation by wildfire leaving charred remnants and burn scars, as evidenced by dark charred patches with orange-brown fire edge boundaries, severely damaged vegetation visible in T2.","Question the fire or burn scar observed between T1 and T2 has significant implications: ecosystem destruction, wildlife habitat loss, air quality degradation, increased runoff and erosion risk. The original dense forest with tree canopy cover in T1 has been affected by destruction of vegetation by wildfire leaving charred remnants and burn scars, as evidenced by dark charred patches with orange-brown fire edge boundaries, severely damaged vegetation visible in T2. The original dense forest with tree canopy cover in T1 has been affected by destruction of vegetation by wildfire leaving charred remnants and burn scars, as evidenced by dark charred patches with orange-brown fire edge boundaries, severely damaged vegetation visible",Forest,fire_burn,0.7667
What type of land-cover change has occurred between T1 and T2?,"The observed change is classified as no significant change. The T1 observation shows the scene shows its characteristic land cover features, while T2 reveals the scene remains essentially unchanged with only minor brightness or contrast differences from natural variation. This pattern of stable land cover → same land cover is characteristic of no significant change processes.","Question of the observed change, the observed change is classified as no significant change. The T1 observation shows the scene shows its characteristic land cover features, while T2 reveals the scene remains essentially unchanged with only minor brightness or contrast differences from natural variation. This pattern of stable land cover → same land cover is characteristic of no significant change processes. This pattern of stable land cover → same land cover is characteristic of no significant change processes. This pattern of stable land cover → same land cover is consistent with no significant change processes as evidenced by the scene remains essentially unchanged with only minor brightness or contrast differences from natural variation. This pattern of stable land cover",Highway,no_change,0.6433
How extensive is the change between T1 and T2?,"The change extent is widespread — water covers a significant portion of the previously dry area. In T1, the original agricultural fields with annual crops landscape is visible. In T2, dark blue-brown water patches covering low-lying areas, submerged vegetation, turbid water surface. The sudden appearance of standing water absent in the earlier observation indicates flooding.","Question is substantial — large patches of canopy removed exposing underlying earth. In T1, the original agricultural fields with annual crops landscape is visible. In T2, brown bare soil patches where trees have been removed, with irregular clearing boundaries. The abrupt transition from intact canopy to exposed soil consistent with recent clearing indicates deforestation. The abrupt transition from intact canopy to exposed soil consistent with recent clearing indicates deforestation. This pattern of permanent clearing → exposed soil is characteristic of deforestation processes. The abrupt transition from intact canopy to exposed soil consistent with recent clearing indicates deforestation. This pattern of permanent clearing → exposed soil is characteristic of deforestation processes. The abrupt transition from intact",AnnualCrop,flooding,0.2619
What are the potential implications of the observed changes?,"The deforestation observed between T1 and T2 has significant implications: habitat loss, reduced carbon sequestration, increased soil erosion risk, potential watershed degradation. The original dense forest with tree canopy cover in T1 has been affected by clearing of dense forest or vegetation canopy to expose bare soil, as evidenced by brown bare soil patches where trees have been removed, with irregular clearing boundaries visible in T2.","Question the deforestation observed between T1 and T2 has significant implications: habitat loss, reduced carbon sequestration, increased soil erosion risk, potential watershed degradation. The original dense forest with tree canopy cover in T1 has been affected by clearing of dense forest or vegetation canopy to expose bare soil, as evidenced by brown bare soil patches where trees have been removed, with irregular clearing boundaries visible in T2. The abrupt transition from intact canopy to exposed soil consistent with recent clearing indicates deforestation, as evidenced by brown bare soil patches where trees have been removed, with irregular clearing boundaries visible in T2. The natural clearing patterns with irregular clearing boundaries consistent with",Forest,deforestation,0.7458
Is T2 more recent than T1? What evidence suggests this?,"Yes, T2 appears to be the more recent observation. The progression shows healthy vegetation → charred burn scar, which follows a logical temporal sequence. The abrupt, non-seasonal vegetation loss with characteristic burn scar patterns confirms that T2 was acquired after T1.","Question is appears that T2 is the more recent observation. The progression shows healthy vegetation → charred burn scar, which follows a logical temporal sequence. The abrupt, non-seasonal vegetation loss with characteristic burn scar patterns confirms that T2 was acquired after T1. The natural, stable vegetation cover with characteristic burn scar patterns confirms that T2 was acquired after T1. This consistent temporal sequence indicates that T2 was acquired after T1. The natural, stable vegetation cover with characteristic burn scar patterns indicates that T2 was acquired after T1. This consistent temporal sequence indicates that T2 was acquired after T1. The natural, stable vegetation",Forest,fire_burn,0.5175
How extensive is the change between T1 and T2?,"The change extent is substantial — large patches of canopy removed exposing underlying earth. In T1, the original grasslands and herbaceous vegetation landscape is visible. In T2, brown bare soil patches where trees have been removed, with irregular clearing boundaries. The abrupt transition from intact canopy to exposed soil consistent with recent clearing indicates deforestation.","Question change extent is substantial — large patches of canopy removed exposing underlying earth. In T1, the original grasslands and herbaceous vegetation landscape is visible. In T2, brown bare soil patches where trees have been removed, with irregular clearing boundaries. The abrupt transition from intact canopy to exposed soil consistent with recent clearing indicates deforestation. The abrupt transition from intact canopy to exposed soil consistent with recent clearing indicates deforestation. The natural seasonal progression consistent with agricultural harvest cycle indicates agricultural clearing. The abrupt transition from intact canopy to exposed soil consistent with recent clearing indicates deforestation. The natural seasonal progression consistent with agricultural harvest cycle indicates agricultural clearing. The progressive clearing with",HerbaceousVegetation,deforestation,0.6386
What are the potential implications of the observed changes?,"The deforestation observed between T1 and T2 has significant implications: habitat loss, reduced carbon sequestration, increased soil erosion risk, potential watershed degradation. The original grasslands and herbaceous vegetation in T1 has been affected by clearing of dense forest or vegetation canopy to expose bare soil, as evidenced by brown bare soil patches where trees have been removed, with irregular clearing boundaries visible in T2.","Question: The fire or burn scar observed between T1 and T2 has significant implications: ecosystem destruction, wildlife habitat loss, air quality degradation, increased runoff and erosion risk. The original grasslands and herbaceous vegetation in T1 has been affected by destruction of vegetation by wildfire leaving charred remnants and burn scars, as evidenced by dark charred patches with orange-brown fire edge boundaries, severely damaged vegetation visible in T2. The original grasslands and herbaceous vegetation in T1 has been affected by destruction of vegetation by wildfire leaving charred remnants and burn scars, as evidenced by dark charred patches with orange-brown fire edge boundaries, severely damaged vegetation",HerbaceousVegetation,deforestation,0.4353
How extensive is the change between T1 and T2?,"The change extent is widespread — water covers a significant portion of the previously dry area. In T1, the original pastoral grazing land and meadows landscape is visible. In T2, dark blue-brown water patches covering low-lying areas, submerged vegetation, turbid water surface. The sudden appearance of standing water absent in the earlier observation indicates flooding.","Question: The change extent is scene-wide — the entire agricultural area has transitioned from growing to harvested. In T1, the original pastoral grazing land and meadows landscape is visible. In T2, brown-yellow harvested or bare fields with crop stubble residue and reduced vegetation. The natural seasonal progression consistent with agricultural harvest cycle indicates seasonal crop change. The natural seasonal progression consistent with agricultural harvest cycle indicates seasonal crop change. The transition from green growing crops → brown harvested fields indicates seasonal crop change. This pattern of green growing crops → brown harvested fields is characteristic of agricultural harvest processes and indicates seasonal crop change.The transition from growing crops",Pasture,flooding,0.3049
Is T2 more recent than T1? What evidence suggests this?,"Yes, T2 appears to be the more recent observation. The progression shows green growing crops → brown harvested fields, which follows a logical temporal sequence. The natural seasonal progression consistent with agricultural harvest cycle confirms that T2 was acquired after T1.","Question is yes, T2 appears to be the more recent observation. The progression shows green growing crops → brown harvested fields, which follows a logical temporal sequence. The natural seasonal progression consistent with agricultural harvest cycle confirms that T2 was acquired after T1. The natural seasonal progression consistent with agricultural harvest cycle confirms that T2 was acquired after T1. The natural seasonal progression consistent with agricultural harvest cycle confirms that T2 was acquired after T1. The natural seasonal progression consistent with agricultural harvest cycle confirms that T2 was acquired after T1. The natural seasonal progression consistent with agricultural harvest cycle confirms that T2 was acquired after T1. The",Pasture,seasonal_crop,0.5442
What changes occurred in this area between the two observation times?,"Comparing the two timestamps, this area has experienced transition from active growing season to post-harvest or fallow state. In T1, the scene shows green agricultural fields with visible crop growth and active vegetation, characteristic of agricultural fields with annual crops. In T2, the scene now shows brown-yellow harvested or bare fields with crop stubble residue and reduced vegetation. The transition from green growing crops → brown harvested fields is clearly visible.","Comparing the two timestamps, this area has experienced transition from active growing season to post-harvest or fallow state. In T1, the scene shows green agricultural fields with visible crop growth and active vegetation, characteristic of agricultural fields with annual crops. In T2, the scene now shows brown-yellow harvested or bare fields with crop stubble residue and reduced vegetation. The transition from green growing crops → brown harvested fields is clearly visible. The natural seasonal progression consistent with agricultural harvest cycle indicates seasonal crop change. The transition from green growing crops →",AnnualCrop,seasonal_crop,0.8834
What changes occurred in this area between the two observation times?,"Comparing the two timestamps, this area has experienced clearing of dense forest or vegetation canopy to expose bare soil. In T1, the scene shows dense green tree canopy with continuous forest cover, characteristic of grasslands and herbaceous vegetation. In T2, the scene now shows brown bare soil patches where trees have been removed, with irregular clearing boundaries. The transition from dense forest → cleared bare land is clearly visible.","Question changes occurred in both timestamps. In T1, the scene shows healthy vegetation cover with intact canopy or ground cover, characteristic of grasslands and herbaceous vegetation. In T2, the scene now shows brown bare soil patches where trees have been removed, with irregular clearing boundaries. The transition from healthy vegetation → cleared bare land is clearly visible. This pattern of healthy vegetation → cleared bare land is characteristic of pastoral grazing land and meadows. The abrupt transition from healthy vegetation → cleared bare land is characteristic of pastoral grazing land and meadows. This pattern of healthy vegetation → cleared bare land is characteristic of pastoral grazing land and meadows",HerbaceousVegetation,deforestation,0.4855
Is T2 more recent than T1? What evidence suggests this?,"Yes, T2 appears to be the more recent observation. The progression shows natural land → urban built-up area, which follows a logical temporal sequence. The progressive development with new construction replacing vegetation confirms that T2 was acquired after T1.","Question is yes, T2 appears to be the more recent observation. The progression shows natural land → urban built-up area, which follows a logical temporal sequence. The progressive development with new construction replacing vegetation confirms that T2 was acquired after T1. The natural land → urban built-up area pattern consistent with temporal sequence confirms that T2 was acquired after T1. This temporal sequence is consistent with natural land → urban built-up area cycle. The progressive development with new construction replacing vegetation indicates that T2 was acquired after T1. The natural land → urban built-up area pattern consistent with temporal sequence confirms that T2 was",HerbaceousVegetation,urbanisation,0.5455
Is T2 more recent than T1? What evidence suggests this?,"Yes, T2 appears to be the more recent observation. The progression shows natural land → urban built-up area, which follows a logical temporal sequence. The progressive development with new construction replacing vegetation confirms that T2 was acquired after T1.","Question is yes, T2 appears to be the more recent observation. The progression shows natural land → urban built-up area, which follows a logical temporal sequence. The progressive development with new construction replacing vegetation confirms that T2 was acquired after T1. The natural land → urban built-up area pattern consistent with temporal sequence confirms that T2 was acquired after T1. This temporal sequence is consistent with natural land → urban built-up area cycle. The progressive development with new construction replacing vegetation indicates that T2 was acquired after T1. The natural land → urban built-up area pattern consistent with temporal sequence confirms that T2 was",AnnualCrop,urbanisation,0.5455
What changes occurred in this area between the two observation times?,"Comparing the two timestamps, this area has experienced temporal stability with only minor natural variation between observation times. In T1, the scene shows the scene shows its characteristic land cover features, characteristic of permanent crop plantations and orchards. In T2, the scene now shows the scene remains essentially unchanged with only minor brightness or contrast differences from natural variation. The transition from stable land cover → same land cover is clearly visible.","Question: Comparing the two timestamps, this area has experienced transition from active growing season to post-harvest or fallow state. In T1, the scene shows green agricultural fields with visible crop growth and active vegetation, characteristic of permanent crop plantations and orchards. In T2, the scene now shows brown-yellow harvested or bare fields with crop stubble residue and reduced vegetation. The transition from green growing crops → brown harvested fields is clearly visible. The natural seasonal progression consistent with agricultural harvest cycle indicates post-harvest or fallow state. This pattern of green growing crops → brown harvested fields is characteristic of transition",PermanentCrop,no_change,0.3837
How extensive is the change between T1 and T2?,"The change extent is widespread — water covers a significant portion of the previously dry area. In T1, the original agricultural fields with annual crops landscape is visible. In T2, dark blue-brown water patches covering low-lying areas, submerged vegetation, turbid water surface. The sudden appearance of standing water absent in the earlier observation indicates flooding.","Question: The change extent is widespread — water covers a significant portion of the previously dry area. In T1, the original agricultural fields with annual crops landscape is visible. In T2, dark blue-brown water patches covering low-lying areas, submerged vegetation, turbid water surface. The sudden appearance of standing water absent in the earlier observation indicates flooding. The natural seasonal progression consistent with agricultural harvest cycle indicates seasonal crop change. The sudden appearance of standing water absent in the earlier observation indicates flooding. The natural seasonal progression consistent with agricultural harvest cycle indicates seasonal crop change. The transition from dry vegetation → water inundation indicates flooding. This pattern",AnnualCrop,flooding,0.6871
Is T2 more recent than T1? What evidence suggests this?,"Yes, T2 appears to be the more recent observation. The progression shows dry land → water inundation, which follows a logical temporal sequence. The sudden appearance of standing water absent in the earlier observation confirms that T2 was acquired after T1.","Question yes, T2 appears to be the more recent observation. The progression shows dry land → water inundation, which follows a logical temporal sequence. The sudden appearance of standing water absent in the earlier observation confirms that T2 was acquired after T1. The natural seasonal progression consistent with agricultural harvest cycle confirms that T2 was acquired after T1. The natural seasonal progression consistent with agricultural harvest cycle confirms that T2 was acquired after T1. The progressive transition from dry land → water inundation indicates that T2 was acquired after T1. This temporal sequence consistent with agricultural harvest cycle indicates that T2 was acquired after T1. The",SeaLake,flooding,0.5556
What changes occurred in this area between the two observation times?,"Comparing the two timestamps, this area has experienced conversion of natural or agricultural land to built-up urban area. In T1, the scene shows green vegetation, open fields, or natural land cover, characteristic of agricultural fields with annual crops. In T2, the scene now shows grey rectangular structures resembling buildings, paved road-like features, and reduced vegetation. The transition from natural land → urban built-up area is clearly visible.","Question changes occurred in both timestamps. In T1, the scene shows the scene shows its characteristic land cover features, characteristic of agricultural fields with annual crops. In T2, the scene now shows the scene remains essentially unchanged with only minor brightness or contrast differences from natural variation. The transition from stable land cover → same land cover is clearly visible. This pattern of stable land cover → same land cover is characteristic of urbanisation processes.",AnnualCrop,urbanisation,0.3944
What changes occurred in this area between the two observation times?,"Comparing the two timestamps, this area has experienced inundation of previously dry terrain by water from rainfall, river overflow, or storm surge. In T1, the scene shows normal dry terrain with vegetation, fields, or mixed land cover, characteristic of agricultural fields with annual crops. In T2, the scene now shows dark blue-brown water patches covering low-lying areas, submerged vegetation, turbid water surface. The transition from dry land → water inundation is clearly visible.","Question changes occurred in this area between T1 and T2. The observed change is classified as flooding. In T1, the scene shows normal dry terrain with vegetation, fields, or mixed land cover, characteristic of large water bodies and coastal areas. In T2, the scene now shows dark blue-brown water patches covering low-lying areas, submerged vegetation, turbid water surface. The transition from dry land → water inundation is clearly visible. This pattern of dry land → water inundation is characteristic of flooding processes. The sudden appearance of standing water absent in the earlier observation indicates flooding. This pattern of dry land → water inund",AnnualCrop,flooding,0.5568
What type of land-cover change has occurred between T1 and T2?,"The observed change is classified as deforestation. The T1 observation shows dense green tree canopy with continuous forest cover, while T2 reveals brown bare soil patches where trees have been removed, with irregular clearing boundaries. This pattern of dense forest → cleared bare land is characteristic of deforestation processes.","Question is classified as fire or burn scar. The T1 observation shows healthy green vegetation cover with intact canopy or ground cover, while T2 reveals dark charred patches with orange-brown fire edge boundaries, severely damaged vegetation. This pattern of healthy vegetation → charred burn scar is characteristic of fire or burn scar processes. This process is consistent with fire or burn scar processes as evidenced by dark charred patches with orange-brown fire edge boundaries, severely damaged vegetation. This pattern of healthy vegetation → charred burn scar is characteristic of fire or burn scar processes. This process is consistent with fire or burn scar processes as evidenced by dark charred patches with orange-brown",Forest,deforestation,0.2981
Is T2 more recent than T1? What evidence suggests this?,"Yes, T2 appears to be the more recent observation. The progression shows natural land → urban built-up area, which follows a logical temporal sequence. The progressive development with new construction replacing vegetation confirms that T2 was acquired after T1.","Question is yes, T2 appears to be the more recent observation. The progression shows natural land → urban built-up area, which follows a logical temporal sequence. The progressive development with new construction replacing vegetation confirms that T2 was acquired after T1. The natural land → urban built-up area pattern consistent with temporal sequence confirms that T2 was acquired after T1. This temporal sequence is consistent with natural land → urban built-up area cycle. The progressive development with new construction replacing vegetation indicates that T2 was acquired after T1. The natural land → urban built-up area pattern consistent with temporal sequence confirms that T2 was",Pasture,urbanisation,0.5455
What changes occurred in this area between the two observation times?,"Comparing the two timestamps, this area has experienced temporal stability with only minor natural variation between observation times. In T1, the scene shows the scene shows its characteristic land cover features, characteristic of grasslands and herbaceous vegetation. In T2, the scene now shows the scene remains essentially unchanged with only minor brightness or contrast differences from natural variation. The transition from stable land cover → same land cover is clearly visible.","Question changes occurred in this area between T1 and T2. The scene shows healthy vegetation cover with intact canopy or ground cover, characteristic of grasslands and herbaceous vegetation. In T1, the scene shows the scene remains essentially unchanged with only minor brightness or contrast differences from natural variation. In T2, the scene now shows brown-yellow harvested or bare fields with crop stubble residue and reduced vegetation. The transition from healthy vegetation → brown harvested fields is clearly visible. This pattern of healthy vegetation → brown harvested land is characteristic of grasslands and herbaceous vegetation processes. The natural variation in brightness and contrast is consistent with seasonal crop change",HerbaceousVegetation,no_change,0.4407
How extensive is the change between T1 and T2?,"The change extent is moderate to significant — new structures cover portions of the previously open landscape. In T1, the original agricultural fields with annual crops landscape is visible. In T2, grey rectangular structures resembling buildings, paved road-like features, and reduced vegetation. The progressive development with new construction replacing vegetation indicates urbanisation.","The change extent is scene-wide — the entire agricultural area has transitioned from growing to harvested. In T1, the original agricultural fields with annual crops landscape is visible. In T2, brown-yellow harvested or bare fields with crop stubble residue and reduced vegetation. The natural seasonal progression consistent with agricultural harvest cycle indicates seasonal crop change. The natural seasonal progression consistent with agricultural harvest cycle indicates seasonal crop change. The transition from green growing crops → brown harvested fields indicates seasonal crop change. This pattern of natural seasonal change → brown harvested fields is characteristic of agricultural fields",AnnualCrop,urbanisation,0.3378
Is T2 more recent than T1? What evidence suggests this?,"Yes, T2 appears to be the more recent observation. The progression shows dense forest → cleared bare land, which follows a logical temporal sequence. The abrupt transition from intact canopy to exposed soil consistent with recent clearing confirms that T2 was acquired after T1.","Question appears to be the case, as T2 appears to be the more recent observation. The progression shows dense forest → cleared bare land, which follows a logical temporal sequence. The abrupt transition from intact canopy to exposed soil consistent with recent clearing confirms that T2 was acquired after T1. The natural temporal sequence consistent with agricultural harvest cycle confirms that T2 was acquired after T1. The natural temporal sequence consistent with agricultural harvest cycle indicates that T2 was acquired after T1. The natural transition from intact canopy to exposed soil consistent with recent clearing indicates that T2 was acquired after T1. This consistent temporal sequence with natural agricultural harvest cycle",HerbaceousVegetation,deforestation,0.549
What type of land-cover change has occurred between T1 and T2?,"The observed change is classified as no significant change. The T1 observation shows the scene shows its characteristic land cover features, while T2 reveals the scene remains essentially unchanged with only minor brightness or contrast differences from natural variation. This pattern of stable land cover → same land cover is characteristic of no significant change processes.","Question type of change is classified as flooding. The T1 observation shows normal dry terrain with vegetation, fields, or mixed land cover, while T2 reveals dark blue-brown water patches covering low-lying areas, submerged vegetation, turbid water surface. This pattern of dry land → water inundation is characteristic of flooding processes. This process is consistent with the known characteristics of flooding processes: low-lying areas inundated by water, submerged vegetation, turbid water surface. This pattern of dry land → water inundation is characteristic of flooding processes. This process is consistent with the known characteristics of flooding processes: low-lying areas inundated",Forest,no_change,0.2839
What changes occurred in this area between the two observation times?,"Comparing the two timestamps, this area has experienced transition from active growing season to post-harvest or fallow state. In T1, the scene shows green agricultural fields with visible crop growth and active vegetation, characteristic of pastoral grazing land and meadows. In T2, the scene now shows brown-yellow harvested or bare fields with crop stubble residue and reduced vegetation. The transition from green growing crops → brown harvested fields is clearly visible.","Question changes occurred in both timestamps. In T1, the scene shows the scene shows its characteristic land cover features, characteristic of pastoral grazing land and meadows. In T2, the scene now shows the scene remains essentially unchanged with only minor brightness or contrast differences from natural variation. The transition from stable land cover → same land cover is clearly visible. The progressive transition from same land cover → new land cover is clearly visible. This pattern of stable land cover → new land cover is characteristic of pastoral grazing land and meadows. This pattern of stable land cover → new land cover is also characteristic of pastoral grazing land and meadows.",Pasture,seasonal_crop,0.2905
What are the potential implications of the observed changes?,"The fire or burn scar observed between T1 and T2 has significant implications: ecosystem destruction, wildlife habitat loss, air quality degradation, increased runoff and erosion risk. The original dense forest with tree canopy cover in T1 has been affected by destruction of vegetation by wildfire leaving charred remnants and burn scars, as evidenced by dark charred patches with orange-brown fire edge boundaries, severely damaged vegetation visible in T2.","Question the fire or burn scar observed between T1 and T2 has significant implications: ecosystem destruction, wildlife habitat loss, air quality degradation, increased runoff and erosion risk. The original dense forest with tree canopy cover in T1 has been affected by destruction of vegetation by wildfire leaving charred remnants and burn scars, as evidenced by dark charred patches with orange-brown fire edge boundaries, severely damaged vegetation visible in T2. The original dense forest with tree canopy cover in T1 has been affected by destruction of vegetation by wildfire leaving charred remnants and burn scars, as evidenced by dark charred patches with orange-brown fire edge boundaries, severely damaged vegetation visible",Forest,fire_burn,0.7667
How extensive is the change between T1 and T2?,"The change extent is substantial — large patches of canopy removed exposing underlying earth. In T1, the original dense forest with tree canopy cover landscape is visible. In T2, brown bare soil patches where trees have been removed, with irregular clearing boundaries. The abrupt transition from intact canopy to exposed soil consistent with recent clearing indicates deforestation.","Question is substantial — large patches of canopy removed exposing underlying earth. In T1, the original dense forest with tree canopy cover landscape is visible. In T2, brown bare soil patches where trees have been removed, with irregular clearing boundaries. The abrupt transition from intact canopy to exposed soil consistent with recent clearing indicates deforestation. The abrupt transition from intact canopy to exposed soil consistent with recent clearing indicates deforestation. This pattern of intact canopy → cleared bare land is characteristic of deforestation processes.",Forest,deforestation,0.7681
What type of land-cover change has occurred between T1 and T2?,"The observed change is classified as no significant change. The T1 observation shows the scene shows its characteristic land cover features, while T2 reveals the scene remains essentially unchanged with only minor brightness or contrast differences from natural variation. This pattern of stable land cover → same land cover is characteristic of no significant change processes.","Question type of change is classified as no significant change. The T1 observation shows the scene shows its characteristic land cover features, while T2 reveals the scene remains essentially unchanged with only minor brightness or contrast differences from natural variation. This pattern of stable land cover → same land cover is characteristic of no significant change processes. This pattern of stable land cover → same land cover is characteristic of no significant change processes. This process is consistent with temporal stability with only minor brightness or contrast differences from natural variation. This pattern of stable land cover → same land cover is characteristic of no significant change processes. This process is consistent with temporal stability with only minor brightness",Industrial,no_change,0.6199
How extensive is the change between T1 and T2?,"The change extent is widespread — water covers a significant portion of the previously dry area. In T1, the original river channels and riparian zones landscape is visible. In T2, dark blue-brown water patches covering low-lying areas, submerged vegetation, turbid water surface. The sudden appearance of standing water absent in the earlier observation indicates flooding.","Question — The change extent is widespread — water covers a significant portion of the previously dry area. In T1, the original river channels and riparian zones landscape is visible. In T2, dark blue-brown water patches covering low-lying areas, submerged vegetation, turbid water surface. The sudden appearance of standing water absent in the earlier observation indicates flooding. The natural seasonal progression consistent with river channel development indicates river overflow. This pattern of standing water → flooding is characteristic of river inundation processes.The transition from dry vegetation → water inundation is clearly visible. The sudden appearance of standing water absent in the earlier observation indicates flooding",River,flooding,0.7
What are the potential implications of the observed changes?,"The fire or burn scar observed between T1 and T2 has significant implications: ecosystem destruction, wildlife habitat loss, air quality degradation, increased runoff and erosion risk. The original grasslands and herbaceous vegetation in T1 has been affected by destruction of vegetation by wildfire leaving charred remnants and burn scars, as evidenced by dark charred patches with orange-brown fire edge boundaries, severely damaged vegetation visible in T2.","Question the fire or burn scar observed between T1 and T2 has significant implications: ecosystem destruction, wildlife habitat loss, air quality degradation, increased runoff and erosion risk. The original grasslands and herbaceous vegetation in T1 has been affected by destruction of vegetation by wildfire leaving charred remnants and burn scars, as evidenced by dark charred patches with orange-brown fire edge boundaries, severely damaged vegetation visible in T2. The original grasslands and herbaceous vegetation in T1 has been affected by destruction of vegetation by wildfire leaving charred remnants and burn scars, as evidenced by dark charred patches with orange-brown fire edge boundaries, severely damaged vegetation visible",HerbaceousVegetation,fire_burn,0.7701
Is T2 more recent than T1? What evidence suggests this?,"Yes, T2 appears to be the more recent observation. The progression shows healthy vegetation → charred burn scar, which follows a logical temporal sequence. The abrupt, non-seasonal vegetation loss with characteristic burn scar patterns confirms that T2 was acquired after T1.","Question is yes, T2 appears to be the more recent observation. The progression shows healthy vegetation → charred burn scar, which follows a logical temporal sequence. The abrupt, non-seasonal vegetation loss with characteristic burn scar patterns confirms that T2 was acquired after T1. The natural, stable vegetation cover with characteristic burn scar patterns confirms that T2 was acquired after T1. This temporal sequence consistent with natural vegetation loss → charred burn scar pattern indicates that T2 was acquired after T1. The natural, stable vegetation cover → charred burn scar pattern indicates that T2 was acquired after T1. This consistent temporal sequence with non-season",HerbaceousVegetation,fire_burn,0.5734
Is there evidence that one image was taken more recently than the other?,There is no strong temporal indicator. Both T1 and T2 show industrial zones with large buildings with the scene remains essentially unchanged with only minor brightness or contrast differences from natural variation. The minor variations in brightness and contrast are consistent with different atmospheric conditions or sensor calibration rather than actual land-cover change.,Question: There is no strong temporal indicator. Both T1 and T2 show industrial zones with large buildings with the scene remains essentially unchanged with only minor brightness or contrast differences from natural variation. The minor variations in brightness and contrast are consistent with different atmospheric conditions or sensor calibration rather than actual land-cover change. The minor variations in brightness and contrast are consistent with different atmospheric conditions or sensor calibration rather than actual land-cover change. This pattern of stable land cover → same land cover is characteristic of temporal stability processes.,Industrial,no_change,0.7397
What changes occurred in this area between the two observation times?,"Comparing the two timestamps, this area has experienced destruction of vegetation by wildfire leaving charred remnants and burn scars. In T1, the scene shows healthy green vegetation cover with intact canopy or ground cover, characteristic of dense forest with tree canopy cover. In T2, the scene now shows dark charred patches with orange-brown fire edge boundaries, severely damaged vegetation. The transition from healthy vegetation → charred burn scar is clearly visible.","Question This area has experienced clearing of dense forest or vegetation canopy to expose bare soil. In T1, the scene shows dense green tree canopy with continuous forest cover, characteristic of dense forest with tree canopy cover. In T2, the scene now shows brown bare soil patches where trees have been removed, with irregular clearing boundaries. The transition from dense forest → cleared bare land is clearly visible. The abrupt transition from dense forest → cleared bare land is characteristic of clearing processes. This pattern of dense forest → cleared bare land is characteristic of grasslands and herbaceous vegetation. The transition from dense forest → cleared bare land is characteristic of grasslands and",Forest,fire_burn,0.4111
What type of land-cover change has occurred between T1 and T2?,"The observed change is classified as urbanisation. The T1 observation shows green vegetation, open fields, or natural land cover, while T2 reveals grey rectangular structures resembling buildings, paved road-like features, and reduced vegetation. This pattern of natural land → urban built-up area is characteristic of urbanisation processes.","Question type of change is classified as urbanisation. The T1 observation shows green vegetation, open fields, or natural land cover, while T2 reveals grey rectangular structures resembling buildings, paved road-like features, and reduced vegetation. This pattern of natural land → urban built-up area is characteristic of urbanisation processes. This process is consistent with conversion of natural land to built-up area. This pattern of natural land → urban built-up area is characteristic of urbanisation processes.",HerbaceousVegetation,urbanisation,0.7419
What changes occurred in this area between the two observation times?,"Comparing the two timestamps, this area has experienced inundation of previously dry terrain by water from rainfall, river overflow, or storm surge. In T1, the scene shows normal dry terrain with vegetation, fields, or mixed land cover, characteristic of pastoral grazing land and meadows. In T2, the scene now shows dark blue-brown water patches covering low-lying areas, submerged vegetation, turbid water surface. The transition from dry land → water inundation is clearly visible.","Question changes occurred in both timestamps. In T1, the scene shows the scene shows its characteristic land cover features, characteristic of grasslands and herbaceous vegetation. In T2, the scene now shows the scene remains essentially unchanged with only minor brightness or contrast differences from natural variation. The transition from stable land cover → same land cover is clearly visible. This pattern of stable land cover → same land cover is characteristic of river channels and riparian zones. The progressive transition from same land cover → same land cover is clearly visible. This pattern of stable land cover → same land cover is characteristic of river channels and riparian zones. The",Pasture,flooding,0.2667
What type of land-cover change has occurred between T1 and T2?,"The observed change is classified as deforestation. The T1 observation shows dense green tree canopy with continuous forest cover, while T2 reveals brown bare soil patches where trees have been removed, with irregular clearing boundaries. This pattern of dense forest → cleared bare land is characteristic of deforestation processes.","Question is classified as deforestation. The T1 observation shows dense green tree canopy with continuous forest cover, while T2 reveals brown bare soil patches where trees have been removed, with irregular clearing boundaries. This pattern of dense forest → cleared bare land is characteristic of deforestation processes. This pattern of dense forest → cleared bare land is characteristic of deforestation processes. The T1 observation shows dense green tree canopy with continuous forest cover, while T2 reveals brown bare soil patches where trees have been removed, with irregular clearing boundaries. This pattern of dense forest → cleared bare land is characteristic of deforestation processes. The T1 observation shows dense green tree canopy with continuous",HerbaceousVegetation,deforestation,0.5696
What are the potential implications of the observed changes?,"The no significant change observed between T1 and T2 has significant implications: no significant environmental or land-use change; area remains stable. The original dense forest with tree canopy cover in T1 has been affected by temporal stability with only minor natural variation between observation times, as evidenced by the scene remains essentially unchanged with only minor brightness or contrast differences from natural variation visible in T2.","Question the no significant change observed between T1 and T2 has significant implications: no significant environmental or land-use change; area remains stable. The original dense forest with tree canopy cover in T1 has been affected by temporal stability with only minor natural variation between observation times, as evidenced by the scene remains essentially unchanged with only minor brightness or contrast differences from natural variation visible in T2. The transition from stable land use → same land use in T2 has been clearly visible with the scene remaining essentially unchanged with only minor brightness or contrast differences from natural variation visible in T1. The natural variation visible in T1 → T2 consistent with",Forest,no_change,0.7528
How extensive is the change between T1 and T2?,"The change extent is moderate — distinct burn scar areas with clear boundaries between burnt and unburnt zones. In T1, the original dense forest with tree canopy cover landscape is visible. In T2, dark charred patches with orange-brown fire edge boundaries, severely damaged vegetation. The abrupt, non-seasonal vegetation loss with characteristic burn scar patterns indicates fire or burn scar.","Question: The change extent is substantial — large patches of canopy removed exposing underlying earth. In T1, the original dense forest with tree canopy cover landscape is visible. In T2, brown bare soil patches where trees have been removed, with irregular clearing boundaries. The abrupt transition from intact canopy to exposed soil consistent with recent clearing indicates deforestation. The abrupt transition from intact canopy to exposed soil consistent with recent clearing indicates deforestation. This pattern of intact canopy → cleared bare land is characteristic of deforestation processes.",Forest,fire_burn,0.3586
How extensive is the change between T1 and T2?,"The change extent is widespread — water covers a significant portion of the previously dry area. In T1, the original river channels and riparian zones landscape is visible. In T2, dark blue-brown water patches covering low-lying areas, submerged vegetation, turbid water surface. The sudden appearance of standing water absent in the earlier observation indicates flooding.","Question change extent is widespread — water covers a significant portion of the previously dry area. In T1, the original river channels and riparian zones landscape is visible. In T2, dark blue-brown water patches covering low-lying areas, submerged vegetation, turbid water surface. The sudden appearance of standing water absent in the earlier observation indicates flooding. The natural seasonal progression consistent with river channel drainage cycle indicates river overflow. This pattern of standing water → flooding is characteristic of flooding processes.I think this is a good example of temporal stability. The scene shows the scene remains essentially unchanged with only minor brightness or contrast differences from natural variation",River,flooding,0.6707
What are the potential implications of the observed changes?,"The seasonal crop change observed between T1 and T2 has significant implications: normal agricultural practice; indicates successful harvest completion, soil now exposed to potential erosion. The original permanent crop plantations and orchards in T1 has been affected by transition from active growing season to post-harvest or fallow state, as evidenced by brown-yellow harvested or bare fields with crop stubble residue and reduced vegetation visible in T2.","Question changes in seasonal crop production or use between T1 and T2 have significant implications: normal agricultural practice; indicates successful harvest completion, soil now exposed to potential erosion. The original permanent crop plantations and orchards in T1 has been affected by transition from active growing season to post-harvest or fallow state, as evidenced by brown-yellow harvested or bare fields with crop stubble residue and reduced vegetation visible in T2. The natural seasonal progression from active growing season to post-harvest or fallow state consistent with agricultural practices in the agricultural sector is clearly visible. The brown-yellow harvested or bare fields with crop stub",PermanentCrop,seasonal_crop,0.7356
What are the potential implications of the observed changes?,"The flooding observed between T1 and T2 has significant implications: displacement of communities, crop destruction, infrastructure damage, potential waterborne disease risk. The original river channels and riparian zones in T1 has been affected by inundation of previously dry terrain by water from rainfall, river overflow, or storm surge, as evidenced by dark blue-brown water patches covering low-lying areas, submerged vegetation, turbid water surface visible in T2.","Question: The flooding observed between T1 and T2 has significant implications: displacement of communities, crop destruction, infrastructure damage, potential waterborne disease risk. The original river channels and riparian zones in T1 has been affected by inundation of previously dry terrain by water from rainfall, river overflow, or storm surge, as evidenced by dark blue-brown water patches covering low-lying areas, submerged vegetation, turbid water surface visible in T2. The original river channels and riparian zones in T1 has been affected by inundation of previously dry terrain by water from rainfall, river overflow, or storm surge, as evidenced by dark",River,flooding,0.8095
What are the potential implications of the observed changes?,"The flooding observed between T1 and T2 has significant implications: displacement of communities, crop destruction, infrastructure damage, potential waterborne disease risk. The original pastoral grazing land and meadows in T1 has been affected by inundation of previously dry terrain by water from rainfall, river overflow, or storm surge, as evidenced by dark blue-brown water patches covering low-lying areas, submerged vegetation, turbid water surface visible in T2.","Question the implications of the change observed between T1 and T2: The original agricultural fields with annual crops landscape has been affected by transition from active growing season to post-harvest or fallow state. The original agricultural fields with annual crops in T1 has been affected by transition from active growing season to post-harvest or fallow state, as evidenced by brown-yellow harvested or bare fields with crop stubble residue and reduced vegetation visible in T2. The natural seasonal progression consistent with agricultural harvest cycle visible in T1 has been affected by transition from active growing season to post-harvest or fallow state, as evidenced by",Pasture,flooding,0.2857
How extensive is the change between T1 and T2?,"The change extent is moderate — distinct burn scar areas with clear boundaries between burnt and unburnt zones. In T1, the original permanent crop plantations and orchards landscape is visible. In T2, dark charred patches with orange-brown fire edge boundaries, severely damaged vegetation. The abrupt, non-seasonal vegetation loss with characteristic burn scar patterns indicates fire or burn scar.","Question is substantial — large patches of canopy removed exposing underlying earth. In T1, the original permanent crop plantations and orchards landscape is visible. In T2, brown bare soil patches where trees have been removed, with irregular clearing boundaries. The abrupt transition from intact canopy to exposed soil consistent with recent clearing indicates deforestation. The abrupt transition from intact canopy to exposed soil consistent with recent clearing indicates deforestation. This pattern of intact canopy → cleared bare land is characteristic of deforestation processes.",PermanentCrop,fire_burn,0.3143
What type of land-cover change has occurred between T1 and T2?,"The observed change is classified as deforestation. The T1 observation shows dense green tree canopy with continuous forest cover, while T2 reveals brown bare soil patches where trees have been removed, with irregular clearing boundaries. This pattern of dense forest → cleared bare land is characteristic of deforestation processes.","Question type of change detected is fire or burn scar. The T1 observation shows healthy green vegetation cover with intact canopy or ground cover, while T2 reveals dark charred patches with orange-brown fire edge boundaries, severely damaged vegetation. This pattern of healthy vegetation → charred burn scar is characteristic of fire or burn scar processes. This process is characteristic of fire or burn scar processes. This process is consistent with fire or burn scar processes as evidenced by dark charred patches with orange-brown fire edge boundaries, severely damaged vegetation. This process is consistent with fire or burn scar processes as evidenced by dark charred patches with orange-brown fire edge boundaries, severely",HerbaceousVegetation,deforestation,0.2733
Is T2 more recent than T1? What evidence suggests this?,"Yes, T2 appears to be the more recent observation. The progression shows dry land → water inundation, which follows a logical temporal sequence. The sudden appearance of standing water absent in the earlier observation confirms that T2 was acquired after T1.","Question is yes, T2 appears to be the more recent observation. The progression shows dry land → water inundation, which follows a logical temporal sequence. The sudden appearance of standing water absent in the earlier observation confirms that T2 was acquired after T1. The natural seasonal progression consistent with agricultural harvest cycle confirms that T2 was acquired after T1. The natural seasonal progression consistent with agricultural harvest cycle confirms that T2 was acquired after T1. The temporal sequence shows dry land → water inundation, which follows a logical temporal sequence. The natural seasonal progression consistent with agricultural harvest cycle confirms that T2 was acquired after T1. This",River,flooding,0.5517
Is T2 more recent than T1? What evidence suggests this?,"Yes, T2 appears to be the more recent observation. The progression shows dense forest → cleared bare land, which follows a logical temporal sequence. The abrupt transition from intact canopy to exposed soil consistent with recent clearing confirms that T2 was acquired after T1.","Question T2 appears to be the more recent observation. The progression shows healthy vegetation → charred burn scar, which follows a logical temporal sequence. The abrupt, non-seasonal vegetation loss with characteristic burn scar patterns confirms that T2 was acquired after T1. The natural, healthy vegetation → charred burn scar pattern consistent with temporal sequence confirms that T2 was acquired after T1. The natural, healthy vegetation → charred burn scar pattern consistent with temporal sequence confirms that T2 was acquired after T1. This temporal sequence is consistent with natural, stable vegetation → charred burn scar pattern consistent with temporal sequence. The natural, stable vegetation → charred burn",Forest,deforestation,0.3862
How extensive is the change between T1 and T2?,"The change extent is moderate — distinct burn scar areas with clear boundaries between burnt and unburnt zones. In T1, the original dense forest with tree canopy cover landscape is visible. In T2, dark charred patches with orange-brown fire edge boundaries, severely damaged vegetation. The abrupt, non-seasonal vegetation loss with characteristic burn scar patterns indicates fire or burn scar.","Question change extent is moderate — distinct burn scar areas with clear boundaries between burnt and unburnt zones. In T1, the original dense forest with tree canopy cover landscape is visible. In T2, dark charred patches with orange-brown fire edge boundaries, severely damaged vegetation. The abrupt, non-seasonal vegetation loss with characteristic burn scar patterns indicates fire or burn scar. This pattern of permanent loss with characteristic burn scar patterns indicates fire or burn scar. The abrupt, non-seasonal vegetation loss with characteristic burn scar patterns indicates fire or burn scar. The consistent, non-seasonal vegetation loss with characteristic burn scar patterns indicates fire",Forest,fire_burn,0.7195
Is there evidence that one image was taken more recently than the other?,There is no strong temporal indicator. Both T1 and T2 show grasslands and herbaceous vegetation with the scene remains essentially unchanged with only minor brightness or contrast differences from natural variation. The minor variations in brightness and contrast are consistent with different atmospheric conditions or sensor calibration rather than actual land-cover change.,Question is there evidence that one image was taken with a higher resolution than the other? Yes there is. Both T1 and T2 show grasslands and herbaceous vegetation with the scene remains essentially unchanged with only minor brightness or contrast differences from natural variation. The minor variations in brightness and contrast are consistent with different atmospheric conditions or sensor calibration rather than actual land-cover change. The minor variations in brightness and contrast are consistent with different atmospheric conditions or sensor calibration rather than actual land-cover change. The minor variations in brightness and contrast are consistent with different atmospheric conditions or sensor calibration rather than actual land-cover change. This pattern of stable land,HerbaceousVegetation,no_change,0.5833
What type of land-cover change has occurred between T1 and T2?,"The observed change is classified as no significant change. The T1 observation shows the scene shows its characteristic land cover features, while T2 reveals the scene remains essentially unchanged with only minor brightness or contrast differences from natural variation. This pattern of stable land cover → same land cover is characteristic of no significant change processes.","Question is classified as no significant change. The T1 observation shows the scene shows its characteristic land cover features, while T2 reveals the scene remains essentially unchanged with only minor brightness or contrast differences from natural variation. This pattern of stable land cover → same land cover is characteristic of no significant change processes. This pattern of stable land cover → same land cover is characteristic of no significant change processes. This pattern of stable land cover → same land cover is consistent with no significant change processes as evidenced by the scene remains essentially unchanged with only minor brightness or contrast differences from natural variation. This pattern of stable land cover → same land cover is consistent with no",Forest,no_change,0.6082
Is there evidence that one image was taken more recently than the other?,There is no strong temporal indicator. Both T1 and T2 show industrial zones with large buildings with the scene remains essentially unchanged with only minor brightness or contrast differences from natural variation. The minor variations in brightness and contrast are consistent with different atmospheric conditions or sensor calibration rather than actual land-cover change.,"Question in both cases, there is no strong temporal indicator. In T1, the scene shows the scene shows its characteristic land cover features, characteristic of industrial zones with large buildings. In T2, the scene now shows the scene remains essentially unchanged with only minor brightness or contrast differences from natural variation. The transition from stable land cover → same land cover is clearly visible. The minor variations in brightness and contrast are consistent with different atmospheric conditions or sensor calibration rather than actual land cover change. This pattern of stable land cover → same land cover is characteristic of natural land cover change processes.",Industrial,no_change,0.6282
What changes occurred in this area between the two observation times?,"Comparing the two timestamps, this area has experienced conversion of natural or agricultural land to built-up urban area. In T1, the scene shows green vegetation, open fields, or natural land cover, characteristic of agricultural fields with annual crops. In T2, the scene now shows grey rectangular structures resembling buildings, paved road-like features, and reduced vegetation. The transition from natural land → urban built-up area is clearly visible.","Question: Comparing the two timestamps, this area has experienced conversion of natural or agricultural land to built-up urban area. In T1, the scene shows green vegetation, open fields, or natural land cover, characteristic of agricultural fields with annual crops. In T2, the scene now shows grey rectangular structures resembling buildings, paved road-like features, and reduced vegetation. The transition from natural land → urban built-up area is clearly visible. This pattern of natural land → urban built-up area is characteristic of urbanisation processes.",AnnualCrop,urbanisation,0.902
How extensive is the change between T1 and T2?,"The change extent is moderate to significant — new structures cover portions of the previously open landscape. In T1, the original dense forest with tree canopy cover landscape is visible. In T2, grey rectangular structures resembling buildings, paved road-like features, and reduced vegetation. The progressive development with new construction replacing vegetation indicates urbanisation.","Question change extent is moderate to significant — new structures cover portions of the previously open landscape. In T1, the original dense forest with tree canopy cover landscape is visible. In T2, grey rectangular structures resembling buildings, paved road-like features, and reduced vegetation. The progressive development with new construction replacing vegetation indicates urbanisation. The progressive development with new construction replacing vegetation indicates urbanisation. This pattern of progressive development with new construction replacing vegetation consistent with urbanisation indicates urbanisation.I think it's safe to say that T2 indicates urbanisation. The grey rectangular structures resembling buildings indicate urbanisation while T1 indicates natural land cover with",Forest,urbanisation,0.6624
Is T2 more recent than T1? What evidence suggests this?,"Yes, T2 appears to be the more recent observation. The progression shows dry land → water inundation, which follows a logical temporal sequence. The sudden appearance of standing water absent in the earlier observation confirms that T2 was acquired after T1.","Question yes, T2 appears to be the more recent observation. The progression shows dry land → water inundation, which follows a logical temporal sequence. The sudden appearance of standing water absent in the earlier observation confirms that T2 was acquired after T1. The natural seasonal progression consistent with agricultural harvest cycle confirms that T2 was acquired after T1. The natural seasonal progression consistent with agricultural harvest cycle confirms that T2 was acquired after T1. The natural temporal sequence consistent with agricultural harvest cycle indicates that T2 was acquired after T1. This consistent temporal sequence with natural seasonal progression consistent with agricultural harvest cycle indicates that T2 was acquired after",SeaLake,flooding,0.5405
Is there evidence that one image was taken more recently than the other?,There is no strong temporal indicator. Both T1 and T2 show industrial zones with large buildings with the scene remains essentially unchanged with only minor brightness or contrast differences from natural variation. The minor variations in brightness and contrast are consistent with different atmospheric conditions or sensor calibration rather than actual land-cover change.,Question: There is no strong temporal indicator. Both T1 and T2 show industrial zones with large buildings with the scene remains essentially unchanged with only minor brightness or contrast differences from natural variation. The minor variations in brightness and contrast are consistent with different atmospheric conditions or sensor calibration rather than actual land-cover change. The minor variations in brightness and contrast are consistent with different atmospheric conditions or sensor calibration rather than actual land-cover change. This pattern of stable land cover → same land cover is characteristic of temporal stability processes.,Industrial,no_change,0.7397
What are the potential implications of the observed changes?,"The no significant change observed between T1 and T2 has significant implications: no significant environmental or land-use change; area remains stable. The original industrial zones with large buildings in T1 has been affected by temporal stability with only minor natural variation between observation times, as evidenced by the scene remains essentially unchanged with only minor brightness or contrast differences from natural variation visible in T2.","Question the no significant change observed between T1 and T2 has significant implications: no significant environmental or land-use change; area remains stable. The original industrial zones with large buildings in T1 has been affected by temporal stability with only minor natural variation between observation times, as evidenced by the scene remains essentially unchanged with only minor brightness or contrast differences from natural variation visible in T2. The original industrial zones with large buildings in T1 has been affected by temporal stability with only minor variation between observation times, as evidenced by the scene remains essentially unchanged with only minor brightness or contrast differences from natural variation visible in T2. The transition from active",Industrial,no_change,0.7333
What changes occurred in this area between the two observation times?,"Comparing the two timestamps, this area has experienced conversion of natural or agricultural land to built-up urban area. In T1, the scene shows green vegetation, open fields, or natural land cover, characteristic of pastoral grazing land and meadows. In T2, the scene now shows grey rectangular structures resembling buildings, paved road-like features, and reduced vegetation. The transition from natural land → urban built-up area is clearly visible.","Question changes occurred in both timestamps. In T1, the scene shows the scene shows its characteristic land cover features, characteristic of agricultural fields with annual crops. In T2, the scene now shows the scene remains essentially unchanged with only minor brightness or contrast differences from natural variation. The transition from stable land cover → same land cover is clearly visible. This pattern of stable land cover → same land cover is characteristic of urbanisation processes.",Pasture,urbanisation,0.3239
How extensive is the change between T1 and T2?,"The change extent is widespread — water covers a significant portion of the previously dry area. In T1, the original agricultural fields with annual crops landscape is visible. In T2, dark blue-brown water patches covering low-lying areas, submerged vegetation, turbid water surface. The sudden appearance of standing water absent in the earlier observation indicates flooding.","Question is substantial — large patches of canopy removed exposing underlying earth. In T1, the original agricultural fields with annual crops landscape is visible. In T2, brown bare soil patches where trees have been removed, with irregular clearing boundaries. The abrupt transition from intact canopy to exposed soil consistent with recent clearing indicates deforestation. The abrupt transition from intact canopy to exposed soil consistent with recent clearing indicates deforestation. This pattern of permanent clearing → exposed soil is characteristic of deforestation processes. The abrupt transition from intact canopy to exposed soil consistent with recent clearing indicates deforestation. This pattern of permanent clearing → exposed soil is characteristic of deforestation. The abrupt transition from intact canopy",AnnualCrop,flooding,0.2619
What are the potential implications of the observed changes?,"The urbanisation observed between T1 and T2 has significant implications: loss of agricultural or natural land, increased impervious surfaces, altered local hydrology, potential urban heat island effects. The original dense forest with tree canopy cover in T1 has been affected by conversion of natural or agricultural land to built-up urban area, as evidenced by grey rectangular structures resembling buildings, paved road-like features, and reduced vegetation visible in T2.","Question the urbanisation observed between T1 and T2 has significant implications: loss of agricultural or natural land, increased impervious surfaces, altered local hydrology, potential urban heat island effects. The original dense forest with tree canopy cover in T1 has been affected by conversion of natural or agricultural land to built-up urban area, as evidenced by grey rectangular structures resembling buildings, paved road-like features, and reduced vegetation visible in T2. The progressive conversion of natural or agricultural land to built-up urban area consistent with T2 indicates urbanisation by conversion of natural or agricultural land to built-up urban area. The progressive conversion of",Forest,urbanisation,0.8
What type of land-cover change has occurred between T1 and T2?,"The observed change is classified as seasonal crop change. The T1 observation shows green agricultural fields with visible crop growth and active vegetation, while T2 reveals brown-yellow harvested or bare fields with crop stubble residue and reduced vegetation. This pattern of green growing crops → brown harvested fields is characteristic of seasonal crop change processes.","Question is classified as seasonal crop change. The observed change is classified as green agricultural harvest change. The T1 observation shows green agricultural fields with visible crop growth and active vegetation, while T2 reveals brown-yellow harvested or bare fields with crop stubble residue and reduced vegetation. This pattern of green growing crops → brown harvested fields is characteristic of seasonal crop change processes. This pattern is consistent with agricultural harvest change processes. This pattern is consistent with seasonal crop change processes. This pattern is consistent with seasonal crop change processes. This pattern is consistent with seasonal crop change processes. This pattern is consistent with seasonal crop change processes. This pattern is consistent with",PermanentCrop,seasonal_crop,0.631
What type of land-cover change has occurred between T1 and T2?,"The observed change is classified as no significant change. The T1 observation shows the scene shows its characteristic land cover features, while T2 reveals the scene remains essentially unchanged with only minor brightness or contrast differences from natural variation. This pattern of stable land cover → same land cover is characteristic of no significant change processes.","Question is classified as no significant change. The T1 observation shows the scene shows its characteristic land cover features, while T2 reveals the scene remains essentially unchanged with only minor brightness or contrast differences from natural variation. This pattern of stable land cover → same land cover is characteristic of no significant change processes. This pattern of stable land cover → same land cover is characteristic of no significant change processes. This pattern of stable land cover → same land cover is indicative of no significant change processes. This pattern of stable land cover → same land cover is consistent with no significant change processes. This pattern of no significant change → same land cover is consistent with temporal",River,no_change,0.6154
What are the potential implications of the observed changes?,"The deforestation observed between T1 and T2 has significant implications: habitat loss, reduced carbon sequestration, increased soil erosion risk, potential watershed degradation. The original dense forest with tree canopy cover in T1 has been affected by clearing of dense forest or vegetation canopy to expose bare soil, as evidenced by brown bare soil patches where trees have been removed, with irregular clearing boundaries visible in T2.","Question the deforestation observed between T1 and T2 has significant implications: habitat loss, reduced carbon sequestration, increased soil erosion risk, potential watershed degradation. The original dense forest with tree canopy cover in T1 has been affected by clearing of dense forest or vegetation canopy to expose bare soil, as evidenced by brown bare soil patches where trees have been removed, with irregular clearing boundaries visible in T2. The abrupt transition from intact canopy to exposed soil consistent with recent clearing indicates deforestation, as evidenced by brown bare soil patches where trees have been removed, with irregular clearing boundaries visible in T2. The progressive clearing of dense forest → cleared bare land",Forest,deforestation,0.75
What type of land-cover change has occurred between T1 and T2?,"The observed change is classified as fire or burn scar. The T1 observation shows healthy green vegetation cover with intact canopy or ground cover, while T2 reveals dark charred patches with orange-brown fire edge boundaries, severely damaged vegetation. This pattern of healthy vegetation → charred burn scar is characteristic of fire or burn scar processes.","Question is classified as fire or burn scar. The T1 observation shows healthy green vegetation cover with intact canopy or ground cover, while T2 reveals dark charred patches with orange-brown fire edge boundaries, severely damaged vegetation. This pattern of healthy vegetation → charred burn scar is characteristic of fire or burn scar processes. This process is consistent with fire or burn scar processes as evidenced by dark charred patches with orange-brown fire edge boundaries, severely damaged vegetation. This pattern of healthy vegetation → charred burn scar is characteristic of fire or burn scar processes. This process is consistent with fire or burn scar processes as evidenced by dark charred patches with orange-brown",Forest,fire_burn,0.619
What are the potential implications of the observed changes?,"The deforestation observed between T1 and T2 has significant implications: habitat loss, reduced carbon sequestration, increased soil erosion risk, potential watershed degradation. The original dense forest with tree canopy cover in T1 has been affected by clearing of dense forest or vegetation canopy to expose bare soil, as evidenced by brown bare soil patches where trees have been removed, with irregular clearing boundaries visible in T2.","Question the deforestation observed between T1 and T2 has significant implications: habitat loss, reduced carbon sequestration, increased soil erosion risk, potential watershed degradation. The original dense forest with tree canopy cover in T1 has been affected by clearing of dense forest or vegetation canopy to expose bare soil, as evidenced by brown bare soil patches where trees have been removed, with irregular clearing boundaries visible in T2. The abrupt transition from intact canopy to exposed soil consistent with recent clearing indicates deforestation, as evidenced by brown bare soil patches where trees have been removed, with irregular clearing boundaries visible in T2. The progressive clearing of dense forest → cleared bare land",Forest,deforestation,0.75
Is there evidence that one image was taken more recently than the other?,There is no strong temporal indicator. Both T1 and T2 show permanent crop plantations and orchards with the scene remains essentially unchanged with only minor brightness or contrast differences from natural variation. The minor variations in brightness and contrast are consistent with different atmospheric conditions or sensor calibration rather than actual land-cover change.,Question. There is no strong temporal indicator. Both T1 and T2 show permanent crop plantations and orchards with the scene remains essentially unchanged with only minor brightness or contrast differences from natural variation. The minor variations in brightness and contrast are consistent with different atmospheric conditions or sensor calibration rather than actual land-cover change. The minor variations in brightness and contrast are consistent with different atmospheric conditions or sensor calibration rather than actual land-cover change. This pattern of stable land cover with minor variations in brightness and contrast is characteristic of permanent crop plantations and orchards processes.What's the story behind this?,PermanentCrop,no_change,0.6792
What type of land-cover change has occurred between T1 and T2?,"The observed change is classified as fire or burn scar. The T1 observation shows healthy green vegetation cover with intact canopy or ground cover, while T2 reveals dark charred patches with orange-brown fire edge boundaries, severely damaged vegetation. This pattern of healthy vegetation → charred burn scar is characteristic of fire or burn scar processes.","Question type of fire or burn scar. The observed change is classified as fire or burn scar. The T1 observation shows healthy green vegetation cover with intact canopy or ground cover, while T2 reveals dark charred patches with orange-brown fire edge boundaries, severely damaged vegetation. This pattern of healthy vegetation → charred burn scar is characteristic of fire or burn scar processes. This pattern of healthy vegetation → charred burn scar is characteristic of fire or burn scar processes. This process is consistent with fire or burn scar processes. This pattern of healthy vegetation → charred burn scar is characteristic of fire or burn scar processes. This process is consistent with fire or burn scar",Forest,fire_burn,0.6548
What changes occurred in this area between the two observation times?,"Comparing the two timestamps, this area has experienced transition from active growing season to post-harvest or fallow state. In T1, the scene shows green agricultural fields with visible crop growth and active vegetation, characteristic of agricultural fields with annual crops. In T2, the scene now shows brown-yellow harvested or bare fields with crop stubble residue and reduced vegetation. The transition from green growing crops → brown harvested fields is clearly visible.","Question: Comparing the two timestamps, this area has experienced transition from active growing season to post-harvest or fallow state. In T1, the scene shows green agricultural fields with visible crop growth and active vegetation, characteristic of agricultural fields with annual crops. In T2, the scene now shows brown-yellow harvested or bare fields with crop stubble residue and reduced vegetation. The transition from green growing crops → brown harvested fields is clearly visible. The natural seasonal progression consistent with agricultural harvest cycle indicates seasonal crop change. The transition from green growing crops → brown harvested fields is clearly visible. This pattern of green growing crops →",AnnualCrop,seasonal_crop,0.8182
How extensive is the change between T1 and T2?,"The change extent is moderate — distinct burn scar areas with clear boundaries between burnt and unburnt zones. In T1, the original dense forest with tree canopy cover landscape is visible. In T2, dark charred patches with orange-brown fire edge boundaries, severely damaged vegetation. The abrupt, non-seasonal vegetation loss with characteristic burn scar patterns indicates fire or burn scar.","Question is substantial — large patches of canopy removed exposing underlying earth. In T1, the original dense forest with tree canopy cover landscape is visible. In T2, brown bare soil patches where trees have been removed, with irregular clearing boundaries. The abrupt transition from intact canopy to exposed soil consistent with recent clearing indicates deforestation. The abrupt transition from intact canopy to exposed soil consistent with recent clearing indicates deforestation. This pattern of intact canopy → cleared bare land is characteristic of deforestation processes.",Forest,fire_burn,0.3239
What are the potential implications of the observed changes?,"The fire or burn scar observed between T1 and T2 has significant implications: ecosystem destruction, wildlife habitat loss, air quality degradation, increased runoff and erosion risk. The original grasslands and herbaceous vegetation in T1 has been affected by destruction of vegetation by wildfire leaving charred remnants and burn scars, as evidenced by dark charred patches with orange-brown fire edge boundaries, severely damaged vegetation visible in T2.","Question the fire or burn scar observed between T1 and T2 has significant implications: ecosystem destruction, wildlife habitat loss, air quality degradation, increased runoff and erosion risk. The original grasslands and herbaceous vegetation in T1 has been affected by destruction of vegetation by wildfire leaving charred remnants and burn scars, as evidenced by dark charred patches with orange-brown fire edge boundaries, severely damaged vegetation visible in T2. The original grasslands and herbaceous vegetation in T1 has been affected by destruction of vegetation by wildfire leaving charred remnants and burn scars, as evidenced by dark charred patches with orange-brown fire edge boundaries, severely damaged vegetation visible",HerbaceousVegetation,fire_burn,0.7701
What are the potential implications of the observed changes?,"The seasonal crop change observed between T1 and T2 has significant implications: normal agricultural practice; indicates successful harvest completion, soil now exposed to potential erosion. The original agricultural fields with annual crops in T1 has been affected by transition from active growing season to post-harvest or fallow state, as evidenced by brown-yellow harvested or bare fields with crop stubble residue and reduced vegetation visible in T2.","Question: The seasonal crop change observed between T1 and T2 has significant implications: normal agricultural practice; indicates successful harvest completion, soil now exposed to potential erosion. The original agricultural fields with annual crops in T1 has been affected by transition from active growing season to post-harvest or fallow state, as evidenced by brown-yellow harvested or bare fields with crop stubble residue and reduced vegetation visible in T2. The natural seasonal progression from active growing season to post-harvest or fallow state consistent with agricultural harvest cycle indicates seasonal crop change with seasonal crop change cycle. The natural seasonal transition from green growing crops → brown harvested",AnnualCrop,seasonal_crop,0.7771
What changes occurred in this area between the two observation times?,"Comparing the two timestamps, this area has experienced conversion of natural or agricultural land to built-up urban area. In T1, the scene shows green vegetation, open fields, or natural land cover, characteristic of grasslands and herbaceous vegetation. In T2, the scene now shows grey rectangular structures resembling buildings, paved road-like features, and reduced vegetation. The transition from natural land → urban built-up area is clearly visible.","Question changes occurred in both timestamps. In T1, the scene shows the scene shows its characteristic land cover features, characteristic of grasslands and herbaceous vegetation. In T2, the scene now shows the scene remains essentially unchanged with only minor brightness or contrast differences from natural variation. The transition from stable land cover → same land cover is clearly visible. This pattern of stable land cover → same land cover is characteristic of urbanisation processes.",HerbaceousVegetation,urbanisation,0.3857
What are the potential implications of the observed changes?,"The flooding observed between T1 and T2 has significant implications: displacement of communities, crop destruction, infrastructure damage, potential waterborne disease risk. The original large water bodies and coastal areas in T1 has been affected by inundation of previously dry terrain by water from rainfall, river overflow, or storm surge, as evidenced by dark blue-brown water patches covering low-lying areas, submerged vegetation, turbid water surface visible in T2.","Question: The flooding observed between T1 and T2 has significant implications: displacement of communities, crop destruction, infrastructure damage, potential waterborne disease risk. The original large water bodies and coastal areas in T1 has been affected by inundation of previously dry terrain by water from rainfall, river overflow, or storm surge, as evidenced by dark blue-brown water patches covering low-lying areas, submerged vegetation, turbid water surface visible in T2. The original large water bodies and coastal areas in T1 has been affected by inundation of previously dry terrain by water from rainfall, river overflow, or storm surge, as evidenced by dark",SeaLake,flooding,0.807
What changes occurred in this area between the two observation times?,"Comparing the two timestamps, this area has experienced inundation of previously dry terrain by water from rainfall, river overflow, or storm surge. In T1, the scene shows normal dry terrain with vegetation, fields, or mixed land cover, characteristic of large water bodies and coastal areas. In T2, the scene now shows dark blue-brown water patches covering low-lying areas, submerged vegetation, turbid water surface. The transition from dry land → water inundation is clearly visible.","Question changes occurring in this area are classified as flooding. In T1, the scene shows normal dry terrain with vegetation, fields, or mixed land cover, characteristic of large water bodies and coastal areas. In T2, the scene now shows dark blue-brown water patches covering low-lying areas, submerged vegetation, turbid water surface. The transition from dry land → water inundation is clearly visible. The sudden appearance of standing water absent in the earlier observation indicates flooding. This pattern of dry land → water inundation is characteristic of flooding processes.The transition from dry land → water inundation is clearly visible. The sudden appearance of",SeaLake,flooding,0.6215
Is T2 more recent than T1? What evidence suggests this?,"Yes, T2 appears to be the more recent observation. The progression shows dry land → water inundation, which follows a logical temporal sequence. The sudden appearance of standing water absent in the earlier observation confirms that T2 was acquired after T1.","Question is yes, T2 appears to be the more recent observation. The progression shows dry land → water inundation, which follows a logical temporal sequence. The sudden appearance of standing water absent in the earlier observation confirms that T2 was acquired after T1. The natural temporal stability with only minor temporal variation indicates that T2 was acquired after T1. The natural temporal stability with only minor temporal variation indicates that T2 was acquired after T1. The natural temporal stability with only minor temporal variation indicates that T2 was acquired after T1. This consistent temporal stability with only minor temporal variation indicates that T2 was acquired after T1.",River,flooding,0.5479
What changes occurred in this area between the two observation times?,"Comparing the two timestamps, this area has experienced destruction of vegetation by wildfire leaving charred remnants and burn scars. In T1, the scene shows healthy green vegetation cover with intact canopy or ground cover, characteristic of dense forest with tree canopy cover. In T2, the scene now shows dark charred patches with orange-brown fire edge boundaries, severely damaged vegetation. The transition from healthy vegetation → charred burn scar is clearly visible.","Question changes occurred in both timestamps. In T1, the scene shows the scene shows its characteristic land cover features, characteristic of dense forest with tree canopy cover. In T2, the scene now shows the scene remains essentially unchanged with only minor brightness or contrast differences from natural variation. The transition from stable land cover → same land cover is clearly visible. This pattern of stable land cover → same land cover is characteristic of dense forest → same land cover processes. This pattern of stable land cover → same land cover is characteristic of deforestation processes. The transition from dense forest → same land cover is clearly visible. This pattern of stable land cover",Forest,fire_burn,0.3111
What are the potential implications of the observed changes?,"The deforestation observed between T1 and T2 has significant implications: habitat loss, reduced carbon sequestration, increased soil erosion risk, potential watershed degradation. The original dense forest with tree canopy cover in T1 has been affected by clearing of dense forest or vegetation canopy to expose bare soil, as evidenced by brown bare soil patches where trees have been removed, with irregular clearing boundaries visible in T2.","Question the deforestation observed between T1 and T2 has significant implications: habitat loss, reduced carbon sequestration, increased soil erosion risk, potential watershed degradation. The original dense forest with tree canopy cover in T1 has been affected by clearing of dense forest or vegetation canopy to expose bare soil, as evidenced by brown bare soil patches where trees have been removed, with irregular clearing boundaries visible in T2. The abrupt transition from intact canopy to exposed soil consistent with recent clearing indicates deforestation, as evidenced by brown bare soil patches where trees have been removed, with irregular clearing boundaries visible in T2. The natural dense forest with tree canopy cover in T",Forest,deforestation,0.7458
Is T2 more recent than T1? What evidence suggests this?,"Yes, T2 appears to be the more recent observation. The progression shows green growing crops → brown harvested fields, which follows a logical temporal sequence. The natural seasonal progression consistent with agricultural harvest cycle confirms that T2 was acquired after T1.","Question is yes, T2 appears to be the more recent observation. The progression shows green growing crops → brown harvested fields, which follows a logical temporal sequence. The natural seasonal progression consistent with agricultural harvest cycle confirms that T2 was acquired after T1. The natural seasonal progression consistent with agricultural harvest cycle confirms that T2 was acquired after T1. The natural seasonal progression consistent with agricultural harvest cycle confirms that T2 was acquired after T1. The natural seasonal progression consistent with agricultural harvest cycle confirms that T2 was acquired after T1. The natural seasonal progression consistent with agricultural harvest cycle confirms that T2 was acquired after T1. The",PermanentCrop,seasonal_crop,0.5442
How extensive is the change between T1 and T2?,"The change extent is substantial — large patches of canopy removed exposing underlying earth. In T1, the original grasslands and herbaceous vegetation landscape is visible. In T2, brown bare soil patches where trees have been removed, with irregular clearing boundaries. The abrupt transition from intact canopy to exposed soil consistent with recent clearing indicates deforestation.","Question is substantial — large patches of canopy removed exposing underlying earth. In T1, the original grasslands and herbaceous vegetation landscape is visible. In T2, brown bare soil patches where trees have been removed, with irregular clearing boundaries. The abrupt transition from intact canopy to exposed soil consistent with recent clearing indicates deforestation. The abrupt transition from intact canopy to exposed soil consistent with recent clearing indicates deforestation. The natural seasonal progression consistent with agricultural harvest cycle indicates agricultural clearing. The abrupt transition from intact canopy to exposed soil consistent with recent clearing indicates deforestation. The natural seasonal progression consistent with agricultural harvest cycle indicates agricultural clearing. This pattern of permanent clearing →",HerbaceousVegetation,deforestation,0.6182
What are the potential implications of the observed changes?,"The fire or burn scar observed between T1 and T2 has significant implications: ecosystem destruction, wildlife habitat loss, air quality degradation, increased runoff and erosion risk. The original dense forest with tree canopy cover in T1 has been affected by destruction of vegetation by wildfire leaving charred remnants and burn scars, as evidenced by dark charred patches with orange-brown fire edge boundaries, severely damaged vegetation visible in T2.","Question: The fire or burn scar observed between T1 and T2 has significant implications: ecosystem destruction, wildlife habitat loss, air quality degradation, increased runoff and erosion risk. The original dense forest with tree canopy cover in T1 has been affected by destruction of vegetation by wildfire leaving charred remnants and burn scars, as evidenced by dark charred patches with orange-brown fire edge boundaries, severely damaged vegetation visible in T2. The original dense forest with tree canopy cover in T1 has been affected by destruction of vegetation by wildfire leaving charred remnants and burn scars, as evidenced by dark charred patches with orange-brown fire edge boundaries, severely damaged vegetation",Forest,fire_burn,0.7709
What changes occurred in this area between the two observation times?,"Comparing the two timestamps, this area has experienced inundation of previously dry terrain by water from rainfall, river overflow, or storm surge. In T1, the scene shows normal dry terrain with vegetation, fields, or mixed land cover, characteristic of agricultural fields with annual crops. In T2, the scene now shows dark blue-brown water patches covering low-lying areas, submerged vegetation, turbid water surface. The transition from dry land → water inundation is clearly visible.","Question: Comparing the two timestamps, this area has experienced inundation of previously dry terrain by water from rainfall, river overflow, or storm surge. In T1, the scene shows normal dry terrain with vegetation, fields, or mixed land cover, characteristic of agricultural fields with annual crops. In T2, the scene now shows dark blue-brown water patches covering low-lying areas, submerged vegetation, turbid water surface. The transition from dry land → water inundation is clearly visible. The sudden appearance of standing water absent in the earlier observation indicates flooding. This pattern of dry land → water inundation is characteristic of storm",AnnualCrop,flooding,0.8555
Is T2 more recent than T1? What evidence suggests this?,"Yes, T2 appears to be the more recent observation. The progression shows healthy vegetation → charred burn scar, which follows a logical temporal sequence. The abrupt, non-seasonal vegetation loss with characteristic burn scar patterns confirms that T2 was acquired after T1.","Question is yes, T2 appears to be the more recent observation. The progression shows healthy vegetation → charred burn scar, which follows a logical temporal sequence. The abrupt, non-seasonal vegetation loss with characteristic burn scar patterns confirms that T2 was acquired after T1. The natural, stable vegetation cover with characteristic burn scar patterns confirms that T2 was acquired after T1. The natural, stable vegetation cover with characteristic burn scar patterns indicates that T2 was acquired after T1. This consistent temporal sequence indicates that T2 was acquired after T1. The natural, stable vegetation cover with characteristic burn scar patterns indicates that T2 was acquired",Forest,fire_burn,0.5694
What are the potential implications of the observed changes?,"The deforestation observed between T1 and T2 has significant implications: habitat loss, reduced carbon sequestration, increased soil erosion risk, potential watershed degradation. The original grasslands and herbaceous vegetation in T1 has been affected by clearing of dense forest or vegetation canopy to expose bare soil, as evidenced by brown bare soil patches where trees have been removed, with irregular clearing boundaries visible in T2.","Question the deforestation observed between T1 and T2 has significant implications: habitat loss, reduced carbon sequestration, increased soil erosion risk, potential watershed degradation. The original grasslands and herbaceous vegetation in T1 has been affected by clearing of dense forest or vegetation canopy to expose bare soil, as evidenced by brown bare soil patches where trees have been removed, with irregular clearing boundaries visible in T2. The abrupt transition from intact canopy to exposed soil consistent with recent clearing indicates deforestation, as evidenced by brown bare soil patches where trees have been removed, with irregular clearing boundaries visible in T2. The natural grasslands and herbaceous vegetation in T",HerbaceousVegetation,deforestation,0.7485
What changes occurred in this area between the two observation times?,"Comparing the two timestamps, this area has experienced conversion of natural or agricultural land to built-up urban area. In T1, the scene shows green vegetation, open fields, or natural land cover, characteristic of agricultural fields with annual crops. In T2, the scene now shows grey rectangular structures resembling buildings, paved road-like features, and reduced vegetation. The transition from natural land → urban built-up area is clearly visible.","Question changes occurred in both timestamps. In T1, the scene shows the scene shows its characteristic land cover features, characteristic of industrial zones with large buildings. In T2, the scene now shows the scene remains essentially unchanged with only minor brightness or contrast differences from natural variation. The transition from stable land cover → same land cover is clearly visible. This pattern of stable land cover → same land cover is characteristic of industrial zones. This pattern of stable land cover → same land cover is characteristic of urban zones.I think this is a good example of temporal stability. The scene remains essentially unchanged with only minor brightness or contrast differences from",AnnualCrop,urbanisation,0.2682
What changes occurred in this area between the two observation times?,"Comparing the two timestamps, this area has experienced destruction of vegetation by wildfire leaving charred remnants and burn scars. In T1, the scene shows healthy green vegetation cover with intact canopy or ground cover, characteristic of grasslands and herbaceous vegetation. In T2, the scene now shows dark charred patches with orange-brown fire edge boundaries, severely damaged vegetation. The transition from healthy vegetation → charred burn scar is clearly visible.","Question changes occurred in both timestamps. In T1, the scene shows the scene shows its characteristic land cover features, characteristic of grasslands and herbaceous vegetation. In T2, the scene now shows the scene remains essentially unchanged with only minor brightness or contrast differences from natural variation. The transition from stable land cover → same land cover is clearly visible. The consistent appearance across both timestamps indicating temporal stability indicates no significant change. This pattern of stable land cover → same land cover is characteristic of grasslands and herbaceous vegetation processes.The transition from intact vegetation → exposed soil is clearly visible. The original grasslands and herb",HerbaceousVegetation,fire_burn,0.3256
What are the potential implications of the observed changes?,"The no significant change observed between T1 and T2 has significant implications: no significant environmental or land-use change; area remains stable. The original large water bodies and coastal areas in T1 has been affected by temporal stability with only minor natural variation between observation times, as evidenced by the scene remains essentially unchanged with only minor brightness or contrast differences from natural variation visible in T2.","Question: What are the potential implications of the observed change? The no significant change observed between T1 and T2 has significant implications: no significant environmental or land-use change; area remains stable. The original large water bodies and coastal areas in T1 has been affected by temporal stability with only minor natural variation between observation times, as evidenced by the scene remains essentially unchanged with only minor brightness or contrast differences from natural variation visible in T2. The transition from stable land use → same land use cycle consistent with temporal stability is clearly visible. The original large water bodies and coastal areas in T1 has been affected by temporal stability with only minor",SeaLake,no_change,0.7444
What are the potential implications of the observed changes?,"The urbanisation observed between T1 and T2 has significant implications: loss of agricultural or natural land, increased impervious surfaces, altered local hydrology, potential urban heat island effects. The original grasslands and herbaceous vegetation in T1 has been affected by conversion of natural or agricultural land to built-up urban area, as evidenced by grey rectangular structures resembling buildings, paved road-like features, and reduced vegetation visible in T2.","Question: The urbanisation observed between T1 and T2 has significant implications: loss of agricultural or natural land, increased impervious surfaces, altered local hydrology, potential urban heat island effects. The original grasslands and herbaceous vegetation in T1 has been affected by conversion of natural or agricultural land to built-up urban area, as evidenced by grey rectangular structures resembling buildings, paved road-like features, and reduced vegetation visible in T2. The progressive conversion of natural or agricultural land to built-up urban area consistent with urbanisation patterns is clearly visible. The progressive conversion of natural or agricultural land to built-up urban area consistent",HerbaceousVegetation,urbanisation,0.7953
What are the potential implications of the observed changes?,"The flooding observed between T1 and T2 has significant implications: displacement of communities, crop destruction, infrastructure damage, potential waterborne disease risk. The original agricultural fields with annual crops in T1 has been affected by inundation of previously dry terrain by water from rainfall, river overflow, or storm surge, as evidenced by dark blue-brown water patches covering low-lying areas, submerged vegetation, turbid water surface visible in T2.","Question: The flooding observed between T1 and T2 has significant implications: displacement of communities, crop destruction, infrastructure damage, potential waterborne disease risk. The original agricultural fields with annual crops in T1 has been affected by inundation of previously dry terrain by water from rainfall, river overflow, or storm surge, as evidenced by dark blue-brown water patches covering low-lying areas, submerged vegetation, turbid water surface visible in T2. The original agricultural fields with annual crops in T1 has been affected by inundation of previously dry terrain by water from rainfall, river overflow, or storm surge, as evidenced by dark blue-",AnnualCrop,flooding,0.8047
What type of land-cover change has occurred between T1 and T2?,"The observed change is classified as no significant change. The T1 observation shows the scene shows its characteristic land cover features, while T2 reveals the scene remains essentially unchanged with only minor brightness or contrast differences from natural variation. This pattern of stable land cover → same land cover is characteristic of no significant change processes.","Question type of change is classified as no significant change. The T1 observation shows the scene shows its characteristic land cover features, while T2 reveals the scene remains essentially unchanged with only minor brightness or contrast differences from natural variation. This pattern of stable land cover → same land cover is characteristic of no significant change processes. This pattern of stable land cover → same land cover is characteristic of no significant change processes. This pattern of stable land cover → same land cover is consistent with no significant change processes as evidenced by the scene remains essentially unchanged with only minor brightness or contrast differences from natural variation. This pattern of stable land cover → same land cover is",Industrial,no_change,0.6199
What type of land-cover change has occurred between T1 and T2?,"The observed change is classified as urbanisation. The T1 observation shows green vegetation, open fields, or natural land cover, while T2 reveals grey rectangular structures resembling buildings, paved road-like features, and reduced vegetation. This pattern of natural land → urban built-up area is characteristic of urbanisation processes.","Question is classified as urbanisation. The T1 observation shows green vegetation, open fields, or natural land cover, while T2 reveals grey rectangular structures resembling buildings, paved road-like features, and reduced vegetation. This pattern of natural land → urban built-up area is characteristic of urbanisation processes. This process is characteristic of urbanisation processes. This process is characteristic of urbanisation processes. This process is characteristic of urbanisation processes. This process is typical of urbanisation processes. This process is typical of urbanisation processes. This process is typical of urbanisation processes. This process is typical of urbanisation processes. This process is typical",Forest,urbanisation,0.6122
What changes occurred in this area between the two observation times?,"Comparing the two timestamps, this area has experienced conversion of natural or agricultural land to built-up urban area. In T1, the scene shows green vegetation, open fields, or natural land cover, characteristic of agricultural fields with annual crops. In T2, the scene now shows grey rectangular structures resembling buildings, paved road-like features, and reduced vegetation. The transition from natural land → urban built-up area is clearly visible.","Question: Comparing the two timestamps, this area has experienced conversion of natural or agricultural land to built-up urban area. In T1, the scene shows green vegetation, open fields, or natural land cover, characteristic of agricultural fields with annual crops. In T2, the scene now shows grey rectangular structures resembling buildings, paved road-like features, and reduced vegetation. The transition from natural land → urban built-up area is clearly visible. This pattern of natural land → urban built-up area is characteristic of urbanisation processes.",AnnualCrop,urbanisation,0.902
What type of land-cover change has occurred between T1 and T2?,"The observed change is classified as no significant change. The T1 observation shows the scene shows its characteristic land cover features, while T2 reveals the scene remains essentially unchanged with only minor brightness or contrast differences from natural variation. This pattern of stable land cover → same land cover is characteristic of no significant change processes.","Question type of change is classified as no significant change. The T1 observation shows the scene shows its characteristic land cover features, while T2 reveals the scene remains essentially unchanged with only minor brightness or contrast differences from natural variation. This pattern of stable land cover → same land cover is characteristic of no significant change processes. This pattern of stable land cover → same land cover is characteristic of no significant change processes. This pattern of stable land cover → same land cover is indicative of no significant change processes. This process is consistent with temporal stability with only minor brightness or contrast differences from natural variation. This pattern of stable land cover → same land cover is",River,no_change,0.6235
What type of land-cover change has occurred between T1 and T2?,"The observed change is classified as seasonal crop change. The T1 observation shows green agricultural fields with visible crop growth and active vegetation, while T2 reveals brown-yellow harvested or bare fields with crop stubble residue and reduced vegetation. This pattern of green growing crops → brown harvested fields is characteristic of seasonal crop change processes.","Question of the observed change, the observed change is classified as seasonal crop change. The T1 observation shows green agricultural fields with visible crop growth and active vegetation, while T2 reveals brown-yellow harvested or bare fields with crop stubble residue and reduced vegetation. This pattern of green growing crops → brown harvested fields is characteristic of seasonal crop change processes. This pattern of green growing crops → brown harvested fields is characteristic of seasonal crop change processes. This pattern is consistent with agricultural harvest cycle processes and is consistent with seasonal crop change processes observed in other areas. This pattern of green growing crops → brown harvested fields is characteristic of seasonal crop change processes.",Pasture,seasonal_crop,0.6548
What changes occurred in this area between the two observation times?,"Comparing the two timestamps, this area has experienced conversion of natural or agricultural land to built-up urban area. In T1, the scene shows green vegetation, open fields, or natural land cover, characteristic of pastoral grazing land and meadows. In T2, the scene now shows grey rectangular structures resembling buildings, paved road-like features, and reduced vegetation. The transition from natural land → urban built-up area is clearly visible.","Question changes occurred in this area between T1 and T2. The observed change is classified as urbanisation. The T1 observation shows green vegetation, open fields, or natural land cover, while T2 reveals grey rectangular structures resembling buildings, paved road-like features, and reduced vegetation. This pattern of natural land → urban built-up area is characteristic of urbanisation processes. This process is consistent with conversion of natural land to built-up area. This pattern of natural land → urban built-up area is characteristic of urbanisation processes.",Pasture,urbanisation,0.4286
What type of land-cover change has occurred between T1 and T2?,"The observed change is classified as urbanisation. The T1 observation shows green vegetation, open fields, or natural land cover, while T2 reveals grey rectangular structures resembling buildings, paved road-like features, and reduced vegetation. This pattern of natural land → urban built-up area is characteristic of urbanisation processes.","Question type of change is classified as urbanisation. The T1 observation shows green vegetation, open fields, or natural land cover, while T2 reveals grey rectangular structures resembling buildings, paved road-like features, and reduced vegetation. This pattern of natural land → urban built-up area is characteristic of urbanisation processes. This process is consistent with conversion of natural land to built-up area. This pattern of natural land → urban built-up area is characteristic of urbanisation processes.",AnnualCrop,urbanisation,0.7419
How extensive is the change between T1 and T2?,"The change extent is moderate to significant — new structures cover portions of the previously open landscape. In T1, the original agricultural fields with annual crops landscape is visible. In T2, grey rectangular structures resembling buildings, paved road-like features, and reduced vegetation. The progressive development with new construction replacing vegetation indicates urbanisation.","The change extent is moderate to significant — new structures cover portions of the previously open landscape. In T1, the original agricultural fields with annual crops landscape is visible. In T2, grey rectangular structures resembling buildings, paved road-like features, and reduced vegetation. The progressive development with new construction replacing vegetation indicates urbanisation. The progressive development with new construction replacing vegetation indicates urbanisation. This pattern of progressive development with new construction replacing vegetation is characteristic of urbanisation processes.",AnnualCrop,urbanisation,0.8062
Is T2 more recent than T1? What evidence suggests this?,"Yes, T2 appears to be the more recent observation. The progression shows natural land → urban built-up area, which follows a logical temporal sequence. The progressive development with new construction replacing vegetation confirms that T2 was acquired after T1.","Question is yes, T2 appears to be the more recent observation. The progression shows natural land → urban built-up area, which follows a logical temporal sequence. The progressive development with new construction replacing vegetation confirms that T2 was acquired after T1. The natural land → urban built-up area pattern consistent with temporal sequence confirms that T2 was acquired after T1. This temporal sequence is consistent with natural land → urban built-up area cycle. The progressive development with new construction replacing vegetation indicates that T2 was acquired after T1. The natural land → urban built-up area pattern consistent with temporal sequence confirms that T2 was",Pasture,urbanisation,0.5455
What changes occurred in this area between the two observation times?,"Comparing the two timestamps, this area has experienced destruction of vegetation by wildfire leaving charred remnants and burn scars. In T1, the scene shows healthy green vegetation cover with intact canopy or ground cover, characteristic of grasslands and herbaceous vegetation. In T2, the scene now shows dark charred patches with orange-brown fire edge boundaries, severely damaged vegetation. The transition from healthy vegetation → charred burn scar is clearly visible.","Question changes occurred in both timestamps. In T1, the scene shows the scene shows its characteristic land cover features, characteristic of grasslands and herbaceous vegetation. In T2, the scene now shows the scene remains essentially unchanged with only minor brightness or contrast differences from natural variation. The transition from stable land cover → same land cover is clearly visible. This pattern of stable land cover → same land cover is characteristic of grasslands and herbaceous vegetation processes. This pattern of stable land cover → same land cover is characteristic of grasslands and herbaceous vegetation processes. This pattern of stable land cover → same land cover is consistent with biological",HerbaceousVegetation,fire_burn,0.2989
How extensive is the change between T1 and T2?,"The change extent is moderate to significant — new structures cover portions of the previously open landscape. In T1, the original dense forest with tree canopy cover landscape is visible. In T2, grey rectangular structures resembling buildings, paved road-like features, and reduced vegetation. The progressive development with new construction replacing vegetation indicates urbanisation.","Question change extent is moderate to significant — new structures cover portions of the previously open landscape. In T1, the original dense forest with tree canopy cover landscape is visible. In T2, grey rectangular structures resembling buildings, paved road-like features, and reduced vegetation. The progressive development with new construction replacing vegetation indicates urbanisation. The progressive development with new construction replacing vegetation indicates urbanisation. The progressive development with new construction replacing vegetation indicates urbanisation. This pattern of progressive development with new construction replacing vegetation is characteristic of urbanisation processes.I think this is a good example of temporal stability. The scene remains essentially unchanged with only minor brightness",Forest,urbanisation,0.65
How extensive is the change between T1 and T2?,"The change extent is widespread — water covers a significant portion of the previously dry area. In T1, the original river channels and riparian zones landscape is visible. In T2, dark blue-brown water patches covering low-lying areas, submerged vegetation, turbid water surface. The sudden appearance of standing water absent in the earlier observation indicates flooding.","Question — The change extent is widespread — water covers a significant portion of the previously dry area. In T1, the original river channels and riparian zones landscape is visible. In T2, dark blue-brown water patches covering low-lying areas, submerged vegetation, turbid water surface. The sudden appearance of standing water absent in the earlier observation indicates flooding. The sudden appearance of standing water absent in the earlier observation indicates flooding. The natural seasonal progression consistent with river channel development indicates river overflow. This pattern of standing water → flooding is characteristic of river inundation processes.The transition from dry vegetation → water inundation is clearly visible",River,flooding,0.7
What type of land-cover change has occurred between T1 and T2?,"The observed change is classified as deforestation. The T1 observation shows dense green tree canopy with continuous forest cover, while T2 reveals brown bare soil patches where trees have been removed, with irregular clearing boundaries. This pattern of dense forest → cleared bare land is characteristic of deforestation processes.","Question is classified as deforestation. The observed change is classified as clearing of dense forest or vegetation canopy to expose bare soil. The T1 observation shows dense green tree canopy with continuous forest cover, while T2 reveals brown bare soil patches where trees have been removed, with irregular clearing boundaries. This pattern of dense forest → cleared bare land is characteristic of deforestation processes. This pattern of dense forest → cleared bare land is characteristic of clearing processes. This pattern of dense forest → cleared bare land is characteristic of deforestation processes. This pattern of dense forest → cleared bare land is characteristic of clearing processes. This pattern of dense forest → cleared bare land is characteristic",HerbaceousVegetation,deforestation,0.5875
What changes occurred in this area between the two observation times?,"Comparing the two timestamps, this area has experienced clearing of dense forest or vegetation canopy to expose bare soil. In T1, the scene shows dense green tree canopy with continuous forest cover, characteristic of dense forest with tree canopy cover. In T2, the scene now shows brown bare soil patches where trees have been removed, with irregular clearing boundaries. The transition from dense forest → cleared bare land is clearly visible.","Comparing the two timestamps, this area has experienced clearing of dense forest or vegetation canopy to expose bare soil. In T1, the scene shows dense green tree canopy with continuous forest cover, characteristic of dense forest with tree canopy cover. In T2, the scene now shows brown bare soil patches where trees have been removed, with irregular clearing boundaries. The transition from dense forest → cleared bare land is clearly visible. This transition is characteristic of clearing processes. The abrupt transition from dense forest → cleared bare land is characteristic of clearing processes. The transition",Forest,deforestation,0.8589
What are the potential implications of the observed changes?,"The deforestation observed between T1 and T2 has significant implications: habitat loss, reduced carbon sequestration, increased soil erosion risk, potential watershed degradation. The original grasslands and herbaceous vegetation in T1 has been affected by clearing of dense forest or vegetation canopy to expose bare soil, as evidenced by brown bare soil patches where trees have been removed, with irregular clearing boundaries visible in T2.","Question the deforestation observed between T1 and T2 has significant implications: habitat loss, reduced carbon sequestration, increased soil erosion risk, potential watershed degradation. The original grasslands and herbaceous vegetation in T1 has been affected by clearing of dense forest or vegetation canopy to expose bare soil, as evidenced by brown bare soil patches where trees have been removed, with irregular clearing boundaries visible in T2. The abrupt transition from intact canopy to exposed soil consistent with recent clearing indicates deforestation, as evidenced by brown bare soil patches where trees have been removed, with irregular clearing boundaries visible in T2. The natural grasslands and herbaceous vegetation in T",HerbaceousVegetation,deforestation,0.7485
What changes occurred in this area between the two observation times?,"Comparing the two timestamps, this area has experienced temporal stability with only minor natural variation between observation times. In T1, the scene shows the scene shows its characteristic land cover features, characteristic of pastoral grazing land and meadows. In T2, the scene now shows the scene remains essentially unchanged with only minor brightness or contrast differences from natural variation. The transition from stable land cover → same land cover is clearly visible.","Question changes occurred in this area between T1 and T2. The scene in T1 shows the scene shows its characteristic land cover features, while T2 reveals the scene now shows brown bare soil patches where trees have been removed, with irregular clearing boundaries. This pattern of stable land cover → cleared bare land is characteristic of land cover change processes. This pattern of stable land cover → cleared bare land is characteristic of satellite-based land cover change processes. The transition from intact vegetation → cleared bare land is clearly visible. This pattern of stable land cover → cleared bare land is characteristic of satellite-based land cover change processes.",Pasture,no_change,0.3277
What type of land-cover change has occurred between T1 and T2?,"The observed change is classified as deforestation. The T1 observation shows dense green tree canopy with continuous forest cover, while T2 reveals brown bare soil patches where trees have been removed, with irregular clearing boundaries. This pattern of dense forest → cleared bare land is characteristic of deforestation processes.","Question is classified as deforestation. The observed change is classified as clearing of dense forest or vegetation canopy to expose bare soil. The T1 observation shows dense green tree canopy with continuous forest cover, while T2 reveals brown bare soil patches where trees have been removed, with irregular clearing boundaries. This pattern of dense forest → cleared bare land is characteristic of deforestation processes. This pattern of dense forest → cleared bare land is characteristic of clearing processes. This pattern of dense forest → cleared bare land is characteristic of deforestation processes. This pattern of dense forest → cleared bare land is characteristic of deforestation processes. This pattern of dense forest → cleared bare land is characteristic",Forest,deforestation,0.5875
How extensive is the change between T1 and T2?,"The change extent is negligible — no meaningful land cover change detected. In T1, the original grasslands and herbaceous vegetation landscape is visible. In T2, the scene remains essentially unchanged with only minor brightness or contrast differences from natural variation. The consistent appearance across both timestamps indicating temporal stability indicates no significant change.","Question change extent is negligible — no meaningful land cover change detected. In T1, the original grasslands and herbaceous vegetation landscape is visible. In T2, the scene remains essentially unchanged with only minor brightness or contrast differences from natural variation. The consistent appearance across both timestamps indicating temporal stability indicates no significant change. The consistent appearance across both timestamps indicating temporal stability indicates no significant change. This pattern of stable appearance → same appearance indicates no significant change. This pattern of stable appearance → same appearance is characteristic of pastoral grazing land and meadows.",HerbaceousVegetation,no_change,0.7133
Is T2 more recent than T1? What evidence suggests this?,"Yes, T2 appears to be the more recent observation. The progression shows healthy vegetation → charred burn scar, which follows a logical temporal sequence. The abrupt, non-seasonal vegetation loss with characteristic burn scar patterns confirms that T2 was acquired after T1.","Question is yes, T2 appears to be the more recent observation. The progression shows healthy vegetation → charred burn scar, which follows a logical temporal sequence. The abrupt, non-seasonal vegetation loss with characteristic burn scar patterns confirms that T2 was acquired after T1. The natural, stable vegetation cover with characteristic burn scar patterns confirms that T2 was acquired after T1. The natural, stable vegetation cover with characteristic burn scar patterns indicates that T2 was acquired after T1. This temporal sequence consistent with natural vegetation growth → charred burn scar indicates that T2 was acquired after T1. The natural, stable vegetation cover → charred burn",HerbaceousVegetation,fire_burn,0.5734
What changes occurred in this area between the two observation times?,"Comparing the two timestamps, this area has experienced clearing of dense forest or vegetation canopy to expose bare soil. In T1, the scene shows dense green tree canopy with continuous forest cover, characteristic of dense forest with tree canopy cover. In T2, the scene now shows brown bare soil patches where trees have been removed, with irregular clearing boundaries. The transition from dense forest → cleared bare land is clearly visible.","Question changes occurred in both timestamps. In T1, the scene shows the scene shows its characteristic land cover features, characteristic of dense forest with tree canopy cover. In T2, the scene now shows the scene remains essentially unchanged with only minor brightness or contrast differences from natural variation. The transition from stable land cover → same land cover is clearly visible. This pattern of stable land cover → same land cover is characteristic of dense forest → same land cover processes. The progressive development with same land cover → same land cover is clearly visible. This pattern of stable land cover → same land cover is characteristic of dense forest → same land cover processes",Forest,deforestation,0.3464
What type of land-cover change has occurred between T1 and T2?,"The observed change is classified as fire or burn scar. The T1 observation shows healthy green vegetation cover with intact canopy or ground cover, while T2 reveals dark charred patches with orange-brown fire edge boundaries, severely damaged vegetation. This pattern of healthy vegetation → charred burn scar is characteristic of fire or burn scar processes.","Question is classified as fire or burn scar. The T1 observation shows healthy green vegetation cover with intact canopy or ground cover, while T2 reveals dark charred patches with orange-brown fire edge boundaries, severely damaged vegetation. This pattern of healthy vegetation → charred burn scar is characteristic of fire or burn scar processes. This process is consistent with fire or burn scar processes as evidenced by dark charred patches with orange-brown fire edge boundaries, severely damaged vegetation. This pattern of healthy vegetation → charred burn scar is characteristic of fire or burn scar processes. This process is consistent with fire or burn scar processes as evidenced by dark charred patches with orange-brown",PermanentCrop,fire_burn,0.619
Is T2 more recent than T1? What evidence suggests this?,"Yes, T2 appears to be the more recent observation. The progression shows dry land → water inundation, which follows a logical temporal sequence. The sudden appearance of standing water absent in the earlier observation confirms that T2 was acquired after T1.","Question is yes, T2 appears to be the more recent observation. The progression shows dry land → water inundation, which follows a logical temporal sequence. The sudden appearance of standing water absent in the earlier observation confirms that T2 was acquired after T1. The natural seasonal progression consistent with agricultural harvest cycle confirms that T2 was acquired after T1. The natural seasonal progression consistent with agricultural harvest cycle confirms that T2 was acquired after T1. The natural temporal sequence consistent with agricultural harvest cycle indicates that T2 was acquired after T1. This consistent temporal sequence with natural seasonal progression indicates that T2 was acquired after T1. The",AnnualCrop,flooding,0.5479
What changes occurred in this area between the two observation times?,"Comparing the two timestamps, this area has experienced inundation of previously dry terrain by water from rainfall, river overflow, or storm surge. In T1, the scene shows normal dry terrain with vegetation, fields, or mixed land cover, characteristic of agricultural fields with annual crops. In T2, the scene now shows dark blue-brown water patches covering low-lying areas, submerged vegetation, turbid water surface. The transition from dry land → water inundation is clearly visible.","Question: Comparing the two timestamps, this area has experienced inundation of previously dry terrain by water from rainfall, river overflow, or storm surge. In T1, the scene shows normal dry terrain with vegetation, fields, or mixed land cover, characteristic of agricultural fields with annual crops. In T2, the scene now shows dark blue-brown water patches covering low-lying areas, submerged vegetation, turbid water surface. The transition from dry land → water inundation is clearly visible. The sudden appearance of standing water absent in the earlier observation indicates flooding. This pattern of dry land → water inundation is characteristic of storm",AnnualCrop,flooding,0.8555
What are the potential implications of the observed changes?,"The fire or burn scar observed between T1 and T2 has significant implications: ecosystem destruction, wildlife habitat loss, air quality degradation, increased runoff and erosion risk. The original permanent crop plantations and orchards in T1 has been affected by destruction of vegetation by wildfire leaving charred remnants and burn scars, as evidenced by dark charred patches with orange-brown fire edge boundaries, severely damaged vegetation visible in T2.","Question: The fire or burn scar observed between T1 and T2 has significant implications: ecosystem destruction, wildlife habitat loss, air quality degradation, increased runoff and erosion risk. The original permanent crop plantations and orchards in T1 has been affected by destruction of vegetation by wildfire leaving charred remnants and burn scars, as evidenced by dark charred patches with orange-brown fire edge boundaries, severely damaged vegetation visible in T2. The original permanent crop plantations and orchards in T1 has been affected by destruction of vegetation by wildfire leaving charred remnants and burn scars, as evidenced by dark charred patches with orange-brown fire edge boundaries, severely",PermanentCrop,fire_burn,0.7816
How extensive is the change between T1 and T2?,"The change extent is moderate — distinct burn scar areas with clear boundaries between burnt and unburnt zones. In T1, the original grasslands and herbaceous vegetation landscape is visible. In T2, dark charred patches with orange-brown fire edge boundaries, severely damaged vegetation. The abrupt, non-seasonal vegetation loss with characteristic burn scar patterns indicates fire or burn scar.","Question change extent is moderate — distinct burn scar areas with clear boundaries between burnt and unburnt zones. In T1, the original grasslands and herbaceous vegetation landscape is visible. In T2, dark charred patches with orange-brown fire edge boundaries, severely damaged vegetation. The abrupt, non-seasonal vegetation loss with characteristic burn scar patterns indicates fire or burn scar. The irregular, non-seasonal vegetation loss with characteristic burn scar patterns indicates fire or burn scar. The abrupt, non-seasonal vegetation loss with characteristic burn scar patterns indicates fire or burn scar. This pattern of permanent vegetation loss with characteristic burn scar patterns indicates",HerbaceousVegetation,fire_burn,0.7125
What are the potential implications of the observed changes?,"The seasonal crop change observed between T1 and T2 has significant implications: normal agricultural practice; indicates successful harvest completion, soil now exposed to potential erosion. The original agricultural fields with annual crops in T1 has been affected by transition from active growing season to post-harvest or fallow state, as evidenced by brown-yellow harvested or bare fields with crop stubble residue and reduced vegetation visible in T2.","Question the seasonal crop change observed between T1 and T2 has significant implications: normal agricultural practice; indicates successful harvest completion, soil now exposed to potential erosion. The original agricultural fields with annual crops in T1 has been affected by transition from active growing season to post-harvest or fallow state, as evidenced by brown-yellow harvested or bare fields with crop stubble residue and reduced vegetation visible in T2. The natural seasonal progression from active growing season to post-harvest or fallow state consistent with agricultural harvest cycle indicates seasonal crop change with seasonal crop change cycle. The brown-yellow harvested or bare fields with crop stubble",AnnualCrop,seasonal_crop,0.7771
What changes occurred in this area between the two observation times?,"Comparing the two timestamps, this area has experienced clearing of dense forest or vegetation canopy to expose bare soil. In T1, the scene shows dense green tree canopy with continuous forest cover, characteristic of grasslands and herbaceous vegetation. In T2, the scene now shows brown bare soil patches where trees have been removed, with irregular clearing boundaries. The transition from dense forest → cleared bare land is clearly visible.","Question changes occurred in both timestamps. In T1, the scene shows the scene shows its characteristic land cover features, characteristic of grasslands and herbaceous vegetation. In T2, the scene now shows the scene remains essentially unchanged with only minor brightness or contrast differences from natural variation. The transition from stable land cover → same land cover is clearly visible. The consistent appearance across both timestamps indicating temporal stability indicates no significant change. This pattern of stable land cover → same land cover is characteristic of pastoral grazing land and meadows.The transition from pastoral grazing to permanent crop cultivation is clearly visible. The pastoral grazing scene in T",HerbaceousVegetation,deforestation,0.3103
Is T2 more recent than T1? What evidence suggests this?,"Yes, T2 appears to be the more recent observation. The progression shows dense forest → cleared bare land, which follows a logical temporal sequence. The abrupt transition from intact canopy to exposed soil consistent with recent clearing confirms that T2 was acquired after T1.","Question appears to be the case, as T2 appears to be the more recent observation. The progression shows dense forest → cleared bare land, which follows a logical temporal sequence. The abrupt transition from intact canopy to exposed soil consistent with recent clearing confirms that T2 was acquired after T1. The natural temporal sequence consistent with agricultural harvest cycle confirms that T2 was acquired after T1. The natural temporal sequence consistent with agricultural harvest cycle indicates that T2 was acquired after T1. The natural transition from intact canopy to exposed soil consistent with recent clearing indicates that T2 was acquired after T1. This consistent temporal sequence with natural agricultural harvest cycle",Forest,deforestation,0.549
What type of land-cover change has occurred between T1 and T2?,"The observed change is classified as seasonal crop change. The T1 observation shows green agricultural fields with visible crop growth and active vegetation, while T2 reveals brown-yellow harvested or bare fields with crop stubble residue and reduced vegetation. This pattern of green growing crops → brown harvested fields is characteristic of seasonal crop change processes.","Question of the observed change, the observed change is classified as seasonal crop change. The T1 observation shows green agricultural fields with visible crop growth and active vegetation, while T2 reveals brown-yellow harvested or bare fields with crop stubble residue and reduced vegetation. This pattern of green growing crops → brown harvested fields is characteristic of seasonal crop change processes. This pattern of green growing crops → brown harvested fields is characteristic of seasonal crop change processes. This pattern is consistent with agricultural harvest cycle processes and is consistent with seasonal crop change processes observed in other areas. This pattern of green growing crops → brown harvested fields is characteristic of seasonal crop change processes.",Pasture,seasonal_crop,0.6548
How extensive is the change between T1 and T2?,"The change extent is widespread — water covers a significant portion of the previously dry area. In T1, the original agricultural fields with annual crops landscape is visible. In T2, dark blue-brown water patches covering low-lying areas, submerged vegetation, turbid water surface. The sudden appearance of standing water absent in the earlier observation indicates flooding.","Question: The change extent is widespread — water covers a significant portion of the previously dry area. In T1, the original agricultural fields with annual crops landscape is visible. In T2, dark blue-brown water patches covering low-lying areas, submerged vegetation, turbid water surface. The sudden appearance of standing water absent in the earlier observation indicates flooding. The sudden appearance of standing water absent in the earlier observation indicates flooding. The natural seasonal progression consistent with agricultural harvest cycle indicates seasonal crop change. The transition from dry vegetation → water inundation indicates flooding. This pattern of sudden appearance of standing water absent in the earlier observation indicates flooding.",AnnualCrop,flooding,0.6871
Is T2 more recent than T1? What evidence suggests this?,"Yes, T2 appears to be the more recent observation. The progression shows dry land → water inundation, which follows a logical temporal sequence. The sudden appearance of standing water absent in the earlier observation confirms that T2 was acquired after T1.","Question yes, T2 appears to be the more recent observation. The progression shows dry land → water inundation, which follows a logical temporal sequence. The sudden appearance of standing water absent in the earlier observation confirms that T2 was acquired after T1. The natural temporal sequence consistent with agricultural harvest cycle confirms that T2 was acquired after T1. The natural temporal sequence consistent with agricultural harvest cycle indicates that T2 was acquired after T1. The natural transition from dry land → water inundation indicates that T2 was acquired after T1. This consistent temporal sequence with natural agricultural harvest cycle indicates that T2 was acquired after T1.",Pasture,flooding,0.5556
What are the potential implications of the observed changes?,"The fire or burn scar observed between T1 and T2 has significant implications: ecosystem destruction, wildlife habitat loss, air quality degradation, increased runoff and erosion risk. The original permanent crop plantations and orchards in T1 has been affected by destruction of vegetation by wildfire leaving charred remnants and burn scars, as evidenced by dark charred patches with orange-brown fire edge boundaries, severely damaged vegetation visible in T2.","Question the fire or burn scar observed between T1 and T2 has significant implications: ecosystem destruction, wildlife habitat loss, air quality degradation, increased runoff and erosion risk. The original permanent crop plantations and orchards in T1 has been affected by destruction of vegetation by wildfire leaving charred remnants and burn scars, as evidenced by dark charred patches with orange-brown fire edge boundaries, severely damaged vegetation visible in T2. The original permanent crop plantations and orchards in T1 has been affected by destruction of vegetation by wildfire leaving charred remnants and burn scars, as evidenced by dark charred patches with orange-brown fire edge boundaries, severely damaged",PermanentCrop,fire_burn,0.7771
What are the potential implications of the observed changes?,"The flooding observed between T1 and T2 has significant implications: displacement of communities, crop destruction, infrastructure damage, potential waterborne disease risk. The original river channels and riparian zones in T1 has been affected by inundation of previously dry terrain by water from rainfall, river overflow, or storm surge, as evidenced by dark blue-brown water patches covering low-lying areas, submerged vegetation, turbid water surface visible in T2.","Question the flooding observed between T1 and T2 has significant implications: displacement of communities, crop destruction, infrastructure damage, potential waterborne disease risk. The original river channels and riparian zones in T1 has been affected by inundation of previously dry terrain by water from rainfall, river overflow, or storm surge, as evidenced by dark blue-brown water patches covering low-lying areas, submerged vegetation, turbid water surface visible in T2. The original river channels and riparian zones in T1 has been affected by inundation of previously dry terrain by water from rainfall, river overflow, or storm surge, as evidenced by dark blue",River,flooding,0.8047
What type of land-cover change has occurred between T1 and T2?,"The observed change is classified as fire or burn scar. The T1 observation shows healthy green vegetation cover with intact canopy or ground cover, while T2 reveals dark charred patches with orange-brown fire edge boundaries, severely damaged vegetation. This pattern of healthy vegetation → charred burn scar is characteristic of fire or burn scar processes.","Question is classified as deforestation. The T1 observation shows dense green tree canopy with continuous forest cover, while T2 reveals brown bare soil patches where trees have been removed, with irregular clearing boundaries. This pattern of dense forest → cleared bare land is characteristic of deforestation processes. This pattern of dense forest → cleared bare land is characteristic of deforestation processes. The T1 observation shows dense green tree canopy with continuous forest cover, while T2 reveals brown bare soil patches where trees have been removed, with irregular clearing boundaries. This pattern of dense forest → cleared bare land is characteristic of deforestation processes. The T1 observation shows dense green tree canopy with continuous",HerbaceousVegetation,fire_burn,0.303
What type of land-cover change has occurred between T1 and T2?,"The observed change is classified as urbanisation. The T1 observation shows green vegetation, open fields, or natural land cover, while T2 reveals grey rectangular structures resembling buildings, paved road-like features, and reduced vegetation. This pattern of natural land → urban built-up area is characteristic of urbanisation processes.","Question type of change is classified as urbanisation. The T1 observation shows green vegetation, open fields, or natural land cover, while T2 reveals grey rectangular structures resembling buildings, paved road-like features, and reduced vegetation. This pattern of natural land → urban built-up area is characteristic of urbanisation processes. This process is characteristic of urbanisation processes.",Pasture,urbanisation,0.8846
What changes occurred in this area between the two observation times?,"Comparing the two timestamps, this area has experienced destruction of vegetation by wildfire leaving charred remnants and burn scars. In T1, the scene shows healthy green vegetation cover with intact canopy or ground cover, characteristic of grasslands and herbaceous vegetation. In T2, the scene now shows dark charred patches with orange-brown fire edge boundaries, severely damaged vegetation. The transition from healthy vegetation → charred burn scar is clearly visible.","Question changes occurred in both timestamps. In T1, the scene shows the scene shows healthy vegetation cover with intact canopy or ground cover, characteristic of grasslands and herbaceous vegetation. In T2, the scene now shows the scene has transitioned from healthy vegetation → charred burn scar, with dark charred patches with orange-brown fire edge boundaries, severely damaged vegetation. The transition from healthy vegetation → charred burn scar is clearly visible. This pattern of healthy vegetation → charred burn scar is characteristic of fire or burn scar processes. The abrupt, non-seasonal vegetation loss with characteristic burn scar patterns indicates fire or burn scar. This process is",HerbaceousVegetation,fire_burn,0.578
What type of land-cover change has occurred between T1 and T2?,"The observed change is classified as flooding. The T1 observation shows normal dry terrain with vegetation, fields, or mixed land cover, while T2 reveals dark blue-brown water patches covering low-lying areas, submerged vegetation, turbid water surface. This pattern of dry land → water inundation is characteristic of flooding processes.","Question type of change is classified as flooding. The T1 observation shows normal dry terrain with vegetation, fields, or mixed land cover, while T2 reveals dark blue-brown water patches covering low-lying areas, submerged vegetation, turbid water surface. This pattern of dry land → water inundation is characteristic of flooding processes. This process is consistent with the appearance of standing water absent in the earlier observation. This pattern of dry land → water inundation is characteristic of flooding processes. This process is consistent with river channels overflowing their boundaries, characteristic of river inundation processes. This process is consistent with river channels overflowing their boundaries, characteristic of",SeaLake,flooding,0.6194
What type of land-cover change has occurred between T1 and T2?,"The observed change is classified as no significant change. The T1 observation shows the scene shows its characteristic land cover features, while T2 reveals the scene remains essentially unchanged with only minor brightness or contrast differences from natural variation. This pattern of stable land cover → same land cover is characteristic of no significant change processes.","Question of the observed change, the observed change is classified as no significant change. The T1 observation shows the scene shows its characteristic land cover features, while T2 reveals the scene remains essentially unchanged with only minor brightness or contrast differences from natural variation. This pattern of stable land cover → same land cover is characteristic of no significant change processes. This process is consistent with temporal stability with only minor brightness or contrast differences between observation times. This pattern of stable land cover → same land cover is characteristic of no significant change processes. This process is consistent with no significant change processes by indicating no significant change in land cover between observation times. This pattern of",River,no_change,0.6433
How extensive is the change between T1 and T2?,"The change extent is widespread — water covers a significant portion of the previously dry area. In T1, the original pastoral grazing land and meadows landscape is visible. In T2, dark blue-brown water patches covering low-lying areas, submerged vegetation, turbid water surface. The sudden appearance of standing water absent in the earlier observation indicates flooding.","Question: The change extent is negligible — no meaningful land cover change detected. In T1, the original pastoral grazing land and meadows landscape is visible. In T2, the scene remains essentially unchanged with only minor brightness or contrast differences from natural variation. The consistent appearance across both timestamps indicating temporal stability indicates no significant change. The consistent appearance across both timestamps indicating temporal stability indicates no significant change. This pattern of stable appearance → same appearance indicates no significant change. This pattern of stable appearance → same appearance is characteristic of temporal stability processes.The original pastoral grazing land and meadows in T1 has been affected by temporal",Pasture,flooding,0.2733
How extensive is the change between T1 and T2?,"The change extent is moderate to significant — new structures cover portions of the previously open landscape. In T1, the original dense forest with tree canopy cover landscape is visible. In T2, grey rectangular structures resembling buildings, paved road-like features, and reduced vegetation. The progressive development with new construction replacing vegetation indicates urbanisation.","Question change extent is moderate to significant — new structures cover portions of the previously open landscape. In T1, the original dense forest with tree canopy cover landscape is visible. In T2, grey rectangular structures resembling buildings, paved road-like features, and reduced vegetation. The progressive development with new construction replacing vegetation indicates urbanisation. The progressive development with new construction replacing vegetation indicates urbanisation. This pattern of progressive development with new construction replacing vegetation consistent with urbanisation indicates urbanisation.",Forest,urbanisation,0.7939
What changes occurred in this area between the two observation times?,"Comparing the two timestamps, this area has experienced clearing of dense forest or vegetation canopy to expose bare soil. In T1, the scene shows dense green tree canopy with continuous forest cover, characteristic of dense forest with tree canopy cover. In T2, the scene now shows brown bare soil patches where trees have been removed, with irregular clearing boundaries. The transition from dense forest → cleared bare land is clearly visible.","Question changes occurred in both timestamps. In T1, the scene shows the scene shows its characteristic land cover features, characteristic of grasslands and herbaceous vegetation. In T2, the scene now shows the scene remains essentially unchanged with only minor brightness or contrast differences from natural variation. The transition from stable land cover → same land cover is clearly visible. The consistent appearance across both timestamps indicating temporal stability indicates no significant change. This pattern of stable land cover → same land cover is characteristic of grasslands and herbaceous vegetation processes.What are the potential implications?",Forest,deforestation,0.2822
What changes occurred in this area between the two observation times?,"Comparing the two timestamps, this area has experienced destruction of vegetation by wildfire leaving charred remnants and burn scars. In T1, the scene shows healthy green vegetation cover with intact canopy or ground cover, characteristic of permanent crop plantations and orchards. In T2, the scene now shows dark charred patches with orange-brown fire edge boundaries, severely damaged vegetation. The transition from healthy vegetation → charred burn scar is clearly visible.","Question: Comparing the two timestamps, this area has experienced destruction of vegetation by wildfire leaving charred remnants and burn scars. In T1, the scene shows healthy green vegetation cover with intact canopy or ground cover, characteristic of permanent crop plantations and orchards. In T2, the scene now shows dark charred patches with orange-brown fire edge boundaries, severely damaged vegetation. The transition from healthy vegetation → charred burn scar is clearly visible. The abrupt, non-seasonal vegetation loss with characteristic burn scar patterns indicates fire or burn scar. This pattern of healthy vegetation → charred burn scar is characteristic of fire or burn scar processes.",PermanentCrop,fire_burn,0.8092
What are the potential implications of the observed changes?,"The deforestation observed between T1 and T2 has significant implications: habitat loss, reduced carbon sequestration, increased soil erosion risk, potential watershed degradation. The original grasslands and herbaceous vegetation in T1 has been affected by clearing of dense forest or vegetation canopy to expose bare soil, as evidenced by brown bare soil patches where trees have been removed, with irregular clearing boundaries visible in T2.","Question the deforestation observed between T1 and T2 has significant implications: habitat loss, reduced carbon sequestration, increased soil erosion risk, potential watershed degradation. The original grasslands and herbaceous vegetation in T1 has been affected by clearing of dense forest or vegetation canopy to expose bare soil, as evidenced by brown bare soil patches where trees have been removed, with irregular clearing boundaries visible in T2. The abrupt transition from intact canopy to exposed soil consistent with recent clearing indicates deforestation, as evidenced by brown bare soil patches where trees have been removed, with irregular clearing boundaries visible in T2. The progressive clearing of dense forest → cleared bare land",HerbaceousVegetation,deforestation,0.7442
What type of land-cover change has occurred between T1 and T2?,"The observed change is classified as seasonal crop change. The T1 observation shows green agricultural fields with visible crop growth and active vegetation, while T2 reveals brown-yellow harvested or bare fields with crop stubble residue and reduced vegetation. This pattern of green growing crops → brown harvested fields is characteristic of seasonal crop change processes.","Question of the observed change, the observed change is classified as seasonal crop change. The T1 observation shows green agricultural fields with visible crop growth and active vegetation, while T2 reveals brown-yellow harvested or bare fields with crop stubble residue and reduced vegetation. This pattern of green growing crops → brown harvested fields is characteristic of seasonal crop change processes. This pattern is consistent with seasonal crop change processes occurring between the two observation times. This pattern of green growing crops → brown harvested fields is characteristic of seasonal crop change processes. This pattern is consistent with seasonal crop change processes occurring between the two observation times. This pattern is consistent with seasonal crop change",PermanentCrop,seasonal_crop,0.6509
Is T2 more recent than T1? What evidence suggests this?,"Yes, T2 appears to be the more recent observation. The progression shows dry land → water inundation, which follows a logical temporal sequence. The sudden appearance of standing water absent in the earlier observation confirms that T2 was acquired after T1.","Question is yes, T2 appears to be the more recent observation. The progression shows dry land → water inundation, which follows a logical temporal sequence. The sudden appearance of standing water absent in the earlier observation confirms that T2 was acquired after T1. The natural seasonal progression consistent with agricultural harvest cycle confirms that T2 was acquired after T1. The natural seasonal progression consistent with agricultural harvest cycle confirms that T2 was acquired after T1. The natural temporal sequence consistent with agricultural harvest cycle confirms that T2 was acquired after T1. The natural temporal sequence consistent with agricultural harvest cycle confirms that T2 was acquired after T1.",Pasture,flooding,0.5479
Is T2 more recent than T1? What evidence suggests this?,"Yes, T2 appears to be the more recent observation. The progression shows natural land → urban built-up area, which follows a logical temporal sequence. The progressive development with new construction replacing vegetation confirms that T2 was acquired after T1.","Question, Yes, T2 appears to be the more recent observation. The progression shows natural land → urban built-up area, which follows a logical temporal sequence. The progressive development with new construction replacing vegetation confirms that T2 was acquired after T1. The natural land → urban built-up area pattern consistent with temporal sequence confirms that T2 was acquired after T1. This temporal sequence is consistent with natural land → urban built-up area cycle. The progressive development with new construction replacing vegetation indicates that T2 was acquired after T1. The natural land → urban built-up area pattern consistent with temporal sequence confirms that T2 was",AnnualCrop,urbanisation,0.5493
How extensive is the change between T1 and T2?,"The change extent is scene-wide — the entire agricultural area has transitioned from growing to harvested. In T1, the original agricultural fields with annual crops landscape is visible. In T2, brown-yellow harvested or bare fields with crop stubble residue and reduced vegetation. The natural seasonal progression consistent with agricultural harvest cycle indicates seasonal crop change.","The change extent is scene-wide — the entire agricultural area has transitioned from growing to harvested. In T1, the original agricultural fields with annual crops landscape is visible. In T2, brown-yellow harvested or bare fields with crop stubble residue and reduced vegetation. The natural seasonal progression consistent with agricultural harvest cycle indicates seasonal crop change. The natural seasonal progression consistent with agricultural harvest cycle indicates seasonal crop change. The natural seasonal change consistent with agricultural harvest cycle indicates seasonal crop change. The transition from green growing crops → brown harvested fields indicates seasonal crop change. This",AnnualCrop,seasonal_crop,0.7368
How extensive is the change between T1 and T2?,"The change extent is negligible — no meaningful land cover change detected. In T1, the original pastoral grazing land and meadows landscape is visible. In T2, the scene remains essentially unchanged with only minor brightness or contrast differences from natural variation. The consistent appearance across both timestamps indicating temporal stability indicates no significant change.","Question: The change extent is negligible — no meaningful land cover change detected. In T1, the original pastoral grazing land and meadows landscape is visible. In T2, the scene remains essentially unchanged with only minor brightness or contrast differences from natural variation. The consistent appearance across both timestamps indicating temporal stability indicates no significant change. The consistent appearance across both timestamps indicating temporal stability indicates no significant change. This pattern of stable land cover with only minor brightness or contrast differences indicates no significant change. This pattern of stable land cover → same land cover → same land cover is characteristic of pastoral grazing land and meadows processes.I",Pasture,no_change,0.6667
What are the potential implications of the observed changes?,"The fire or burn scar observed between T1 and T2 has significant implications: ecosystem destruction, wildlife habitat loss, air quality degradation, increased runoff and erosion risk. The original dense forest with tree canopy cover in T1 has been affected by destruction of vegetation by wildfire leaving charred remnants and burn scars, as evidenced by dark charred patches with orange-brown fire edge boundaries, severely damaged vegetation visible in T2.","Question the fire or burn scar observed between T1 and T2 has significant implications: ecosystem destruction, wildlife habitat loss, air quality degradation, increased runoff and erosion risk. The original dense forest with tree canopy cover in T1 has been affected by destruction of vegetation by wildfire leaving charred remnants and burn scars, as evidenced by dark charred patches with orange-brown fire edge boundaries, severely damaged vegetation visible in T2. The original dense forest with tree canopy cover in T1 has been affected by destruction of vegetation by wildfire leaving charred remnants and burn scars, as evidenced by dark charred patches with orange-brown fire edge boundaries, severely damaged vegetation visible",Forest,fire_burn,0.7667
Is T2 more recent than T1? What evidence suggests this?,"Yes, T2 appears to be the more recent observation. The progression shows green growing crops → brown harvested fields, which follows a logical temporal sequence. The natural seasonal progression consistent with agricultural harvest cycle confirms that T2 was acquired after T1.","Question appears to be the case, as T2 appears to be the more recent observation. The progression shows green growing crops → brown harvested fields, which follows a logical temporal sequence. The natural seasonal progression consistent with agricultural harvest cycle confirms that T2 was acquired after T1. The natural seasonal progression consistent with agricultural harvest cycle confirms that T2 was acquired after T1. The natural seasonal progression consistent with agricultural harvest cycle confirms that T2 was acquired after T1. The natural seasonal progression consistent with agricultural harvest cycle confirms that T2 was acquired after T1. The natural seasonal progression consistent with agricultural harvest cycle confirms that T2 was acquired after",AnnualCrop,seasonal_crop,0.5235
What type of land-cover change has occurred between T1 and T2?,"The observed change is classified as urbanisation. The T1 observation shows green vegetation, open fields, or natural land cover, while T2 reveals grey rectangular structures resembling buildings, paved road-like features, and reduced vegetation. This pattern of natural land → urban built-up area is characteristic of urbanisation processes.","Question type of change is classified as urbanisation. The T1 observation shows green vegetation, open fields, or natural land cover, while T2 reveals grey rectangular structures resembling buildings, paved road-like features, and reduced vegetation. This pattern of natural land → urban built-up area is characteristic of urbanisation processes. This process is consistent with conversion of natural land to built-up area. This pattern of natural land → urban built-up area is characteristic of urbanisation processes.",Pasture,urbanisation,0.7419
What type of land-cover change has occurred between T1 and T2?,"The observed change is classified as deforestation. The T1 observation shows dense green tree canopy with continuous forest cover, while T2 reveals brown bare soil patches where trees have been removed, with irregular clearing boundaries. This pattern of dense forest → cleared bare land is characteristic of deforestation processes.","Question is classified as deforestation. The T1 observation shows dense green tree canopy with continuous forest cover, while T2 reveals brown bare soil patches where trees have been removed, with irregular clearing boundaries. This pattern of dense forest → cleared bare land is characteristic of deforestation processes. This pattern of dense forest → cleared bare land is characteristic of deforestation processes. The T1 observation shows dense green tree canopy with continuous forest cover, while T2 reveals brown bare soil patches where trees have been removed, with irregular clearing boundaries. This pattern of dense forest → cleared bare land is characteristic of deforestation processes. The T1 observation shows dense green tree canopy with continuous",Forest,deforestation,0.5696
How extensive is the change between T1 and T2?,"The change extent is negligible — no meaningful land cover change detected. In T1, the original grasslands and herbaceous vegetation landscape is visible. In T2, the scene remains essentially unchanged with only minor brightness or contrast differences from natural variation. The consistent appearance across both timestamps indicating temporal stability indicates no significant change.","Question: The change extent is scene-wide — the entire agricultural area has transitioned from growing to harvested. In T1, the original grasslands and herbaceous vegetation landscape is visible. In T2, brown-yellow harvested or bare fields with crop stubble residue and reduced vegetation. The natural seasonal progression consistent with agricultural harvest cycle indicates seasonal crop change. The natural seasonal change consistent with agricultural harvest cycle indicates seasonal crop change. The natural seasonal change consistent with agricultural harvest cycle indicates seasonal crop change. The natural seasonal change consistent with agricultural harvest cycle indicates seasonal crop change. This pattern of seasonal change → seasonal crop change is characteristic of pastoral grazing land",HerbaceousVegetation,no_change,0.2981
What changes occurred in this area between the two observation times?,"Comparing the two timestamps, this area has experienced transition from active growing season to post-harvest or fallow state. In T1, the scene shows green agricultural fields with visible crop growth and active vegetation, characteristic of permanent crop plantations and orchards. In T2, the scene now shows brown-yellow harvested or bare fields with crop stubble residue and reduced vegetation. The transition from green growing crops → brown harvested fields is clearly visible.","Question changes occurred in both timestamps. In T1, the scene shows the scene shows its characteristic land cover features, characteristic of pastoral grazing land and meadows. In T2, the scene now shows the scene remains essentially unchanged with only minor brightness or contrast differences from natural variation. The transition from stable land cover → same land cover is clearly visible. This pattern of stable land cover → same land cover is characteristic of pastoral grazing land and meadows processes. The seasonal variation in land cover consistent with agricultural harvest cycle indicates seasonal crop change.",PermanentCrop,seasonal_crop,0.2683
Is T2 more recent than T1? What evidence suggests this?,"Yes, T2 appears to be the more recent observation. The progression shows dry land → water inundation, which follows a logical temporal sequence. The sudden appearance of standing water absent in the earlier observation confirms that T2 was acquired after T1.","Question is yes, T2 appears to be the more recent observation. The progression shows dry land → water inundation, which follows a logical temporal sequence. The sudden appearance of standing water absent in the earlier observation confirms that T2 was acquired after T1. The natural seasonal progression consistent with agricultural harvest cycle confirms that T2 was acquired after T1. The natural seasonal progression consistent with agricultural harvest cycle confirms that T2 was acquired after T1. The natural temporal sequence consistent with agricultural harvest cycle indicates that T2 was acquired after T1. This pattern of dry land → water inundation is characteristic of river channels and stream beds.",River,flooding,0.5517
What type of land-cover change has occurred between T1 and T2?,"The observed change is classified as urbanisation. The T1 observation shows green vegetation, open fields, or natural land cover, while T2 reveals grey rectangular structures resembling buildings, paved road-like features, and reduced vegetation. This pattern of natural land → urban built-up area is characteristic of urbanisation processes.","Question type of change is classified as urbanisation. The T1 observation shows green vegetation, open fields, or natural land cover, while T2 reveals grey rectangular structures resembling buildings, paved road-like features, and reduced vegetation. This pattern of natural land → urban built-up area is characteristic of urbanisation processes. This process is characteristic of urbanisation processes. The transition from natural land → urban built-up area is clearly visible. This pattern of natural land → urban built-up area is characteristic of urbanisation processes. This process is characteristic of urbanisation processes.",Forest,urbanisation,0.6715
What type of land-cover change has occurred between T1 and T2?,"The observed change is classified as urbanisation. The T1 observation shows green vegetation, open fields, or natural land cover, while T2 reveals grey rectangular structures resembling buildings, paved road-like features, and reduced vegetation. This pattern of natural land → urban built-up area is characteristic of urbanisation processes.","Question type of change is classified as urbanisation. The T1 observation shows green vegetation, open fields, or natural land cover, while T2 reveals grey rectangular structures resembling buildings, paved road-like features, and reduced vegetation. This pattern of natural land → urban built-up area is characteristic of urbanisation processes. This process is characteristic of urbanisation processes. The transition from natural land → urban built-up area is clearly visible. This pattern of natural land → urban built-up area is characteristic of urbanisation processes. This process is characteristic of urbanisation processes.",HerbaceousVegetation,urbanisation,0.6715
What type of land-cover change has occurred between T1 and T2?,"The observed change is classified as deforestation. The T1 observation shows dense green tree canopy with continuous forest cover, while T2 reveals brown bare soil patches where trees have been removed, with irregular clearing boundaries. This pattern of dense forest → cleared bare land is characteristic of deforestation processes.","Question type of change is classified as fire or burn scar. The T1 observation shows healthy green vegetation cover with intact canopy or ground cover, while T2 reveals dark charred patches with orange-brown fire edge boundaries, severely damaged vegetation. This pattern of healthy vegetation → charred burn scar is characteristic of fire or burn scar processes. This process is consistent with fire or burn scar processes as evidenced by dark charred patches with orange-brown fire edge boundaries, severely damaged vegetation. This pattern of healthy vegetation → charred burn scar is characteristic of fire or burn scar processes. This process is consistent with fire or burn scar processes as evidenced by dark charred patches with",Forest,deforestation,0.3086
How extensive is the change between T1 and T2?,"The change extent is scene-wide — the entire agricultural area has transitioned from growing to harvested. In T1, the original pastoral grazing land and meadows landscape is visible. In T2, brown-yellow harvested or bare fields with crop stubble residue and reduced vegetation. The natural seasonal progression consistent with agricultural harvest cycle indicates seasonal crop change.","Question change extent is scene-wide — the entire agricultural area has transitioned from growing to harvested. In T1, the original pastoral grazing land and meadows landscape is visible. In T2, brown-yellow harvested or bare fields with crop stubble residue and reduced vegetation. The natural seasonal progression consistent with agricultural harvest cycle indicates seasonal crop change. The natural seasonal change consistent with agricultural harvest cycle indicates seasonal crop change. The natural seasonal change consistent with agricultural harvest cycle indicates seasonal crop change. This pattern of seasonal crop change → seasonal crop change is characteristic of seasonal crop change processes. This process is evidenced by brown-yellow harvested or bare fields with",Pasture,seasonal_crop,0.6627
What type of land-cover change has occurred between T1 and T2?,"The observed change is classified as no significant change. The T1 observation shows the scene shows its characteristic land cover features, while T2 reveals the scene remains essentially unchanged with only minor brightness or contrast differences from natural variation. This pattern of stable land cover → same land cover is characteristic of no significant change processes.","Question type of change is classified as flooding. The T1 observation shows normal dry terrain with vegetation, fields, or mixed land cover, while T2 reveals dark blue-brown water patches covering low-lying areas, submerged vegetation, turbid water surface. This pattern of dry land → water inundation is characteristic of flooding processes. This pattern of dry land → water inundation is characteristic of flooding processes.",Forest,no_change,0.3729
Is T2 more recent than T1? What evidence suggests this?,"Yes, T2 appears to be the more recent observation. The progression shows natural land → urban built-up area, which follows a logical temporal sequence. The progressive development with new construction replacing vegetation confirms that T2 was acquired after T1.","Question: Yes, T2 appears to be the more recent observation. The progression shows natural land → urban built-up area, which follows a logical temporal sequence. The progressive development with new construction replacing vegetation confirms that T2 was acquired after T1. The natural land → urban built-up area pattern consistent with temporal sequence confirms that T2 was acquired after T1. This temporal sequence is consistent with natural land → urban built-up area cycle. The progressive development with new construction replacing vegetation indicates that T2 was acquired after T1. The natural land → urban built-up area pattern consistent with temporal sequence confirms that T2 was",HerbaceousVegetation,urbanisation,0.5493
Is T2 more recent than T1? What evidence suggests this?,"Yes, T2 appears to be the more recent observation. The progression shows green growing crops → brown harvested fields, which follows a logical temporal sequence. The natural seasonal progression consistent with agricultural harvest cycle confirms that T2 was acquired after T1.","Question in general, T2 appears to be the more recent observation. The progression shows green growing crops → brown harvested fields, which follows a logical temporal sequence. The natural seasonal progression consistent with agricultural harvest cycle confirms that T2 was acquired after T1. The natural seasonal progression consistent with agricultural harvest cycle confirms that T2 was acquired after T1. The natural seasonal progression consistent with agricultural harvest cycle confirms that T2 was acquired after T1. The natural seasonal progression consistent with agricultural harvest cycle confirms that T2 was acquired after T1. The natural seasonal progression consistent with agricultural harvest cycle confirms that T2 was acquired after T1. The",AnnualCrop,seasonal_crop,0.5306
What type of land-cover change has occurred between T1 and T2?,"The observed change is classified as no significant change. The T1 observation shows the scene shows its characteristic land cover features, while T2 reveals the scene remains essentially unchanged with only minor brightness or contrast differences from natural variation. This pattern of stable land cover → same land cover is characteristic of no significant change processes.","Question type of change is classified as no significant change. The T1 observation shows the scene shows its characteristic land cover features, while T2 reveals the scene remains essentially unchanged with only minor brightness or contrast differences from natural variation. This pattern of stable land cover → same land cover is characteristic of no significant change processes. This pattern of stable land cover → same land cover is characteristic of no significant change processes. This pattern of stable land cover → same land cover is consistent with no significant change processes as evidenced by the scene remains essentially unchanged with only minor brightness or contrast differences from natural variation. This pattern of stable land cover → same land cover is",Residential,no_change,0.6199
What changes occurred in this area between the two observation times?,"Comparing the two timestamps, this area has experienced transition from active growing season to post-harvest or fallow state. In T1, the scene shows green agricultural fields with visible crop growth and active vegetation, characteristic of permanent crop plantations and orchards. In T2, the scene now shows brown-yellow harvested or bare fields with crop stubble residue and reduced vegetation. The transition from green growing crops → brown harvested fields is clearly visible.","Question: Comparing the two timestamps, this area has experienced transition from active growing season to post-harvest or fallow state. In T1, the scene shows green agricultural fields with visible crop growth and active vegetation, characteristic of permanent crop plantations and orchards. In T2, the scene now shows brown-yellow harvested or bare fields with crop stubble residue and reduced vegetation. The transition from green growing crops → brown harvested fields is clearly visible. The natural seasonal progression consistent with agricultural harvest cycle indicates seasonal crop change. This pattern of green growing crops → brown harvested fields is characteristic of seasonal crop change processes.",PermanentCrop,seasonal_crop,0.8276
Is T2 more recent than T1? What evidence suggests this?,"Yes, T2 appears to be the more recent observation. The progression shows dense forest → cleared bare land, which follows a logical temporal sequence. The abrupt transition from intact canopy to exposed soil consistent with recent clearing confirms that T2 was acquired after T1.","Question T2 appears to be the more recent observation. The progression shows dense forest → cleared bare land, which follows a logical temporal sequence. The abrupt transition from intact canopy to exposed soil consistent with recent clearing confirms that T2 was acquired after T1. The natural temporal sequence consistent with agricultural clearing → urban built-up area confirms that T2 was acquired after T1. The progressive development with intact canopy cover → exposed soil consistent with recent clearing indicates that T2 was acquired after T1. This temporal sequence consistent with agricultural clearing → urban built-up area indicates that T2 was acquired after T1. The natural temporal sequence with intact",HerbaceousVegetation,deforestation,0.5638
How extensive is the change between T1 and T2?,"The change extent is scene-wide — the entire agricultural area has transitioned from growing to harvested. In T1, the original permanent crop plantations and orchards landscape is visible. In T2, brown-yellow harvested or bare fields with crop stubble residue and reduced vegetation. The natural seasonal progression consistent with agricultural harvest cycle indicates seasonal crop change.","Question — The change extent is scene-wide — the entire agricultural area has transitioned from growing to harvested. In T1, the original permanent crop plantations and orchards landscape is visible. In T2, brown-yellow harvested or bare fields with crop stubble residue and reduced vegetation. The natural seasonal progression consistent with agricultural harvest cycle indicates seasonal crop change. The seasonal crop change consistent with agricultural harvest cycle indicates seasonal crop change. The natural seasonal transition consistent with agricultural harvest cycle indicates seasonal crop change. This pattern of seasonal crop change → seasonal crop change is characteristic of seasonal crop change processes.",PermanentCrop,seasonal_crop,0.7226
Is T2 more recent than T1? What evidence suggests this?,"Yes, T2 appears to be the more recent observation. The progression shows dense forest → cleared bare land, which follows a logical temporal sequence. The abrupt transition from intact canopy to exposed soil consistent with recent clearing confirms that T2 was acquired after T1.","Question is yes, T2 appears to be the more recent observation. The progression shows dense forest → cleared bare land, which follows a logical temporal sequence. The abrupt transition from intact canopy to exposed soil consistent with recent clearing confirms that T2 was acquired after T1. The natural temporal sequence consistent with agricultural clearing → urban built-up area confirms that T2 was acquired after T1. The progressive clearing → exposed soil consistent with recent clearing pattern confirms that T2 was acquired after T1. This temporal sequence consistent with agricultural clearing → urban built-up area indicates that T2 was acquired after T1. The progressive clearing → exposed soil",Forest,deforestation,0.585
What changes occurred in this area between the two observation times?,"Comparing the two timestamps, this area has experienced conversion of natural or agricultural land to built-up urban area. In T1, the scene shows green vegetation, open fields, or natural land cover, characteristic of pastoral grazing land and meadows. In T2, the scene now shows grey rectangular structures resembling buildings, paved road-like features, and reduced vegetation. The transition from natural land → urban built-up area is clearly visible.","Question changes occurred in both timestamps. In T1, the scene shows the scene shows its characteristic land cover features, characteristic of agricultural fields with annual crops. In T2, the scene now shows the scene remains essentially unchanged with only minor brightness or contrast differences from natural variation. The transition from stable land cover → same land cover is clearly visible. This pattern of stable land cover → same land cover is characteristic of urbanisation processes.",Pasture,urbanisation,0.3239
How extensive is the change between T1 and T2?,"The change extent is widespread — water covers a significant portion of the previously dry area. In T1, the original large water bodies and coastal areas landscape is visible. In T2, dark blue-brown water patches covering low-lying areas, submerged vegetation, turbid water surface. The sudden appearance of standing water absent in the earlier observation indicates flooding.","The change extent is widespread — water covers a significant portion of the previously dry area. In T1, the original large water bodies and coastal areas landscape is visible. In T2, dark blue-brown water patches covering low-lying areas, submerged vegetation, turbid water surface. The sudden appearance of standing water absent in the earlier observation indicates flooding. The sudden appearance of standing water absent in the earlier observation indicates flooding. The sudden appearance of standing water absent in the earlier observation indicates river overflow. The natural seasonal progression consistent with rainfall cycle indicates river overflow.",SeaLake,flooding,0.75
Is T2 more recent than T1? What evidence suggests this?,"Yes, T2 appears to be the more recent observation. The progression shows healthy vegetation → charred burn scar, which follows a logical temporal sequence. The abrupt, non-seasonal vegetation loss with characteristic burn scar patterns confirms that T2 was acquired after T1.","Question is appears to be the more recent observation. The progression shows healthy vegetation → charred burn scar, which follows a logical temporal sequence. The abrupt, non-seasonal vegetation loss with characteristic burn scar patterns confirms that T2 was acquired after T1. The natural, stable vegetation cover with characteristic burn scar patterns confirms that T2 was acquired after T1. The natural, stable vegetation cover with characteristic burn scar patterns indicates that T2 was acquired after T1. This consistent temporal sequence indicates that T2 was acquired after T1. The natural, stable vegetation cover with characteristic burn scar patterns indicates that T2 was acquired after T1.",PermanentCrop,fire_burn,0.5417
What changes occurred in this area between the two observation times?,"Comparing the two timestamps, this area has experienced inundation of previously dry terrain by water from rainfall, river overflow, or storm surge. In T1, the scene shows normal dry terrain with vegetation, fields, or mixed land cover, characteristic of pastoral grazing land and meadows. In T2, the scene now shows dark blue-brown water patches covering low-lying areas, submerged vegetation, turbid water surface. The transition from dry land → water inundation is clearly visible.","Question. Comparing the two timestamps, this area has experienced inundation of previously dry terrain by water from rainfall, river overflow, or storm surge. In T1, the scene shows normal dry terrain with vegetation, fields, or mixed land cover, characteristic of pastoral grazing land and meadows. In T2, the scene now shows dark blue-brown water patches covering low-lying areas, submerged vegetation, turbid water surface. The transition from dry land → water inundation is clearly visible. The sudden appearance of standing water absent in the earlier observation indicates flooding. This pattern of dry land → water inundation is characteristic of",Pasture,flooding,0.8605
Is there evidence that one image was taken more recently than the other?,There is no strong temporal indicator. Both T1 and T2 show agricultural fields with annual crops with the scene remains essentially unchanged with only minor brightness or contrast differences from natural variation. The minor variations in brightness and contrast are consistent with different atmospheric conditions or sensor calibration rather than actual land-cover change.,There is no strong temporal indicator. Both T1 and T2 show agricultural fields with annual crops with the scene remains essentially unchanged with only minor brightness or contrast differences from natural variation. The minor variations in brightness and contrast are consistent with different atmospheric conditions or sensor calibration rather than actual land-cover change. The minor variations in brightness and contrast are consistent with different atmospheric conditions or sensor calibration rather than actual land-cover change. The minor variations in brightness and contrast are consistent with different atmospheric conditions or sensor calibration rather than actual land-cover change. This pattern,AnnualCrop,no_change,0.7013
What are the potential implications of the observed changes?,"The deforestation observed between T1 and T2 has significant implications: habitat loss, reduced carbon sequestration, increased soil erosion risk, potential watershed degradation. The original grasslands and herbaceous vegetation in T1 has been affected by clearing of dense forest or vegetation canopy to expose bare soil, as evidenced by brown bare soil patches where trees have been removed, with irregular clearing boundaries visible in T2.","Question the deforestation observed between T1 and T2 has significant implications: habitat loss, reduced carbon sequestration, increased soil erosion risk, potential watershed degradation. The original grasslands and herbaceous vegetation in T1 has been affected by clearing of dense forest or vegetation canopy to expose bare soil, as evidenced by brown bare soil patches where trees have been removed, with irregular clearing boundaries visible in T2. The abrupt transition from intact canopy to exposed soil consistent with recent clearing indicates deforestation, as evidenced by brown bare soil patches where trees have been removed, with irregular clearing boundaries visible in T2. The natural grasslands and herbaceous vegetation in T",HerbaceousVegetation,deforestation,0.7485
Is T2 more recent than T1? What evidence suggests this?,"Yes, T2 appears to be the more recent observation. The progression shows healthy vegetation → charred burn scar, which follows a logical temporal sequence. The abrupt, non-seasonal vegetation loss with characteristic burn scar patterns confirms that T2 was acquired after T1.","Question is yes, T2 appears to be the more recent observation. The progression shows natural land → urban built-up area, which follows a logical temporal sequence. The progressive development with new construction replacing vegetation confirms that T2 was acquired after T1. The natural land → urban built-up area pattern consistent with temporal sequence confirms that T2 was acquired after T1. This temporal sequence is consistent with natural land → urban built-up area cycle. The progressive development with new construction replacing vegetation indicates that T2 was acquired after T1. The natural land → urban built-up area pattern consistent with temporal sequence confirms that T2 was",PermanentCrop,fire_burn,0.3862
What type of land-cover change has occurred between T1 and T2?,"The observed change is classified as deforestation. The T1 observation shows dense green tree canopy with continuous forest cover, while T2 reveals brown bare soil patches where trees have been removed, with irregular clearing boundaries. This pattern of dense forest → cleared bare land is characteristic of deforestation processes.","Question type of change detected is fire or burn scar. The T1 observation shows healthy green vegetation cover with intact canopy or ground cover, while T2 reveals dark charred patches with orange-brown fire edge boundaries, severely damaged vegetation. This pattern of healthy vegetation → charred burn scar is characteristic of fire or burn scar processes. This process is consistent with fire or burn scar processes as evidenced by dark charred patches with orange-brown fire edge boundaries, severely damaged vegetation. This pattern of healthy vegetation → charred burn scar is characteristic of fire or burn scar processes. This process is consistent with fire or burn scar processes as evidenced by dark charred patches with orange",HerbaceousVegetation,deforestation,0.284
What are the potential implications of the observed changes?,"The no significant change observed between T1 and T2 has significant implications: no significant environmental or land-use change; area remains stable. The original highway and road infrastructure in T1 has been affected by temporal stability with only minor natural variation between observation times, as evidenced by the scene remains essentially unchanged with only minor brightness or contrast differences from natural variation visible in T2.","Question the no significant change observed between T1 and T2 has significant implications: no significant environmental or land-use change; area remains stable. The original highway and road infrastructure in T1 has been affected by temporal stability with only minor natural variation between observation times, as evidenced by the scene remains essentially unchanged with only minor brightness or contrast differences from natural variation visible in T2. The original highway and road infrastructure in T1 has been affected by temporal stability with only minor brightness or contrast differences from natural variation visible in T2, as evidenced by the scene remains essentially unchanged with only minor brightness or contrast differences from natural variation visible in T2",Highway,no_change,0.7263
What type of land-cover change has occurred between T1 and T2?,"The observed change is classified as fire or burn scar. The T1 observation shows healthy green vegetation cover with intact canopy or ground cover, while T2 reveals dark charred patches with orange-brown fire edge boundaries, severely damaged vegetation. This pattern of healthy vegetation → charred burn scar is characteristic of fire or burn scar processes.","Question is classified as fire or burn scar. The T1 observation shows healthy green vegetation cover with intact canopy or ground cover, while T2 reveals dark charred patches with orange-brown fire edge boundaries, severely damaged vegetation. This pattern of healthy vegetation → charred burn scar is characteristic of fire or burn scar processes. This process is consistent with fire or burn scar processes as evidenced by dark charred patches with orange-brown fire edge boundaries, severely damaged vegetation. This pattern of healthy vegetation → charred burn scar is characteristic of fire or burn scar processes. This process is consistent with fire or burn scar processes as evidenced by dark charred patches with orange-brown",PermanentCrop,fire_burn,0.619
What changes occurred in this area between the two observation times?,"Comparing the two timestamps, this area has experienced conversion of natural or agricultural land to built-up urban area. In T1, the scene shows green vegetation, open fields, or natural land cover, characteristic of grasslands and herbaceous vegetation. In T2, the scene now shows grey rectangular structures resembling buildings, paved road-like features, and reduced vegetation. The transition from natural land → urban built-up area is clearly visible.","Question changes occurred in both timestamps. In T1, the scene shows the scene shows its characteristic land cover features, characteristic of agricultural fields with annual crops. In T2, the scene now shows the scene has become increasingly urban with grey rectangular structures resembling buildings, paved road-like features, and reduced vegetation. The transition from natural land → urban built-up area is clearly visible. This pattern of natural land → urban built-up area is characteristic of urbanisation processes.",HerbaceousVegetation,urbanisation,0.5517
What are the potential implications of the observed changes?,"The seasonal crop change observed between T1 and T2 has significant implications: normal agricultural practice; indicates successful harvest completion, soil now exposed to potential erosion. The original pastoral grazing land and meadows in T1 has been affected by transition from active growing season to post-harvest or fallow state, as evidenced by brown-yellow harvested or bare fields with crop stubble residue and reduced vegetation visible in T2.","Question: The seasonal crop change observed between T1 and T2 has significant implications: normal agricultural practice; indicates successful harvest completion, soil now exposed to potential erosion. The original pastoral grazing land and meadows in T1 has been affected by transition from active growing season to post-harvest or fallow state, as evidenced by brown-yellow harvested or bare fields with crop stubble residue and reduced vegetation visible in T2. The natural seasonal progression consistent with agricultural harvest cycle indicates seasonal crop change with agricultural harvest cycle, as evidenced by brown-yellow harvested fields with crop stubble residue and reduced vegetation visible in T2. The natural seasonal",Pasture,seasonal_crop,0.7816
What changes occurred in this area between the two observation times?,"Comparing the two timestamps, this area has experienced conversion of natural or agricultural land to built-up urban area. In T1, the scene shows green vegetation, open fields, or natural land cover, characteristic of agricultural fields with annual crops. In T2, the scene now shows grey rectangular structures resembling buildings, paved road-like features, and reduced vegetation. The transition from natural land → urban built-up area is clearly visible.","Question changes occurred in both timestamps. In T1, the scene shows the scene shows its characteristic land cover features, characteristic of agricultural fields with annual crops. In T2, the scene now shows the scene has become increasingly urban with grey rectangular structures resembling buildings, paved road-like features, and reduced vegetation. The transition from pastoral grazing land → urban built-up area is clearly visible. This pattern of natural land → urban built-up area is characteristic of urbanisation processes.",AnnualCrop,urbanisation,0.5986
What are the potential implications of the observed changes?,"The urbanisation observed between T1 and T2 has significant implications: loss of agricultural or natural land, increased impervious surfaces, altered local hydrology, potential urban heat island effects. The original agricultural fields with annual crops in T1 has been affected by conversion of natural or agricultural land to built-up urban area, as evidenced by grey rectangular structures resembling buildings, paved road-like features, and reduced vegetation visible in T2.","Question the same as the original observation, the urbanisation observed between T1 and T2 has significant implications: loss of agricultural or natural land, increased impervious surfaces, altered local hydrology, potential urban heat island effects. The original agricultural fields with annual crops in T1 has been affected by conversion of natural or agricultural land to built-up urban area, as evidenced by grey rectangular structures resembling buildings, paved road-like features, and reduced vegetation visible in T2. The progressive conversion of natural or agricultural land to built-up urban area consistent with temporal sequence indicates urbanisation by conversion of natural or agricultural land to built-up urban",AnnualCrop,urbanisation,0.7886
What type of land-cover change has occurred between T1 and T2?,"The observed change is classified as seasonal crop change. The T1 observation shows green agricultural fields with visible crop growth and active vegetation, while T2 reveals brown-yellow harvested or bare fields with crop stubble residue and reduced vegetation. This pattern of green growing crops → brown harvested fields is characteristic of seasonal crop change processes.","Question of the observed change, the observed change is classified as seasonal crop change. The T1 observation shows green agricultural fields with visible crop growth and active vegetation, while T2 reveals brown-yellow harvested or bare fields with crop stubble residue and reduced vegetation. This pattern of green growing crops → brown harvested fields is characteristic of seasonal crop change processes. This process is consistent with seasonal crop change processes occurring during the non-growing season. This pattern of green growing crops → brown harvested fields is characteristic of seasonal crop change processes. This process is consistent with seasonal crop change processes occurring during the non-growing season. This process is consistent with seasonal",Pasture,seasonal_crop,0.6587
What are the potential implications of the observed changes?,"The urbanisation observed between T1 and T2 has significant implications: loss of agricultural or natural land, increased impervious surfaces, altered local hydrology, potential urban heat island effects. The original agricultural fields with annual crops in T1 has been affected by conversion of natural or agricultural land to built-up urban area, as evidenced by grey rectangular structures resembling buildings, paved road-like features, and reduced vegetation visible in T2.","The urbanisation observed between T1 and T2 has significant implications: loss of agricultural or natural land, increased impervious surfaces, altered local hydrology, potential urban heat island effects. The original agricultural fields with annual crops in T1 has been affected by conversion of natural or agricultural land to built-up urban area, as evidenced by grey rectangular structures resembling buildings, paved road-like features, and reduced vegetation visible in T2. The transition from natural or agricultural land → urban built-up area is clearly visible in T2. The original agricultural fields with annual crops",AnnualCrop,urbanisation,0.8571
How extensive is the change between T1 and T2?,"The change extent is moderate to significant — new structures cover portions of the previously open landscape. In T1, the original dense forest with tree canopy cover landscape is visible. In T2, grey rectangular structures resembling buildings, paved road-like features, and reduced vegetation. The progressive development with new construction replacing vegetation indicates urbanisation.","Question: The change extent is moderate to significant — new structures cover portions of the previously open landscape. In T1, the original dense forest with tree canopy cover landscape is visible. In T2, grey rectangular structures resembling buildings, paved road-like features, and reduced vegetation. The progressive development with new construction replacing vegetation indicates urbanisation. The progressive development with new construction replacing vegetation indicates urbanisation. The progressive development with new construction replacing vegetation indicates urbanisation. The progressive development with new construction replacing vegetation indicates urbanisation. The progressive development with new construction replacing vegetation indicates urbanisation. The progressive development with new construction replacing vegetation indicates urbanisation.",Forest,urbanisation,0.6752
Is T2 more recent than T1? What evidence suggests this?,"Yes, T2 appears to be the more recent observation. The progression shows dense forest → cleared bare land, which follows a logical temporal sequence. The abrupt transition from intact canopy to exposed soil consistent with recent clearing confirms that T2 was acquired after T1.","Question Yes, T2 appears to be the more recent observation. The progression shows dense forest → cleared bare land, which follows a logical temporal sequence. The abrupt transition from intact canopy to exposed soil consistent with recent clearing confirms that T2 was acquired after T1. The natural temporal sequence consistent with agricultural clearing → urban built-up area confirms that T2 was acquired after T1. The progressive clearing → exposed soil consistent with recent clearing pattern confirms that T2 was acquired after T1. This natural temporal sequence consistent with agricultural clearing → urban built-up area indicates that T2 was acquired after T1. The progressive clearing → exposed soil",HerbaceousVegetation,deforestation,0.585
How extensive is the change between T1 and T2?,"The change extent is substantial — large patches of canopy removed exposing underlying earth. In T1, the original dense forest with tree canopy cover landscape is visible. In T2, brown bare soil patches where trees have been removed, with irregular clearing boundaries. The abrupt transition from intact canopy to exposed soil consistent with recent clearing indicates deforestation.","Question change extent is substantial — large patches of canopy removed exposing underlying earth. In T1, the original dense forest with tree canopy cover landscape is visible. In T2, brown bare soil patches where trees have been removed, with irregular clearing boundaries. The abrupt transition from intact canopy to exposed soil consistent with recent clearing indicates deforestation. The abrupt transition from intact canopy to exposed soil consistent with recent clearing indicates deforestation. This pattern of intact canopy → cleared bare land is characteristic of deforestation processes.",Forest,deforestation,0.7857
What are the potential implications of the observed changes?,"The no significant change observed between T1 and T2 has significant implications: no significant environmental or land-use change; area remains stable. The original agricultural fields with annual crops in T1 has been affected by temporal stability with only minor natural variation between observation times, as evidenced by the scene remains essentially unchanged with only minor brightness or contrast differences from natural variation visible in T2.","Question the no significant change observed between T1 and T2 has significant implications: no significant environmental or land-use change; area remains stable. The original agricultural fields with annual crops in T1 has been affected by temporal stability with only minor natural variation between observation times, as evidenced by the scene remains essentially unchanged with only minor brightness or contrast differences from natural variation visible in T2. The original agricultural fields with annual crops in T1 has been affected by temporal stability with only minor variation between observation times, as evidenced by the scene remains essentially unchanged with only minor brightness or contrast differences from natural variation visible in T2. The original agricultural fields",AnnualCrop,no_change,0.7333
What are the potential implications of the observed changes?,"The urbanisation observed between T1 and T2 has significant implications: loss of agricultural or natural land, increased impervious surfaces, altered local hydrology, potential urban heat island effects. The original pastoral grazing land and meadows in T1 has been affected by conversion of natural or agricultural land to built-up urban area, as evidenced by grey rectangular structures resembling buildings, paved road-like features, and reduced vegetation visible in T2.","Question the same question, the urbanisation observed between T1 and T2 has significant implications: loss of agricultural or natural land, increased impervious surfaces, altered local hydrology, potential urban heat island effects. The original pastoral grazing land and meadows in T1 has been affected by conversion of natural or agricultural land to built-up urban area, as evidenced by grey rectangular structures resembling buildings, paved road-like features, and reduced vegetation visible in T2. The progressive conversion of natural or agricultural land to built-up urban area consistent with urbanisation trends is clearly visible. The progressive conversion of natural or agricultural land to built-up",Pasture,urbanisation,0.7977
What type of land-cover change has occurred between T1 and T2?,"The observed change is classified as urbanisation. The T1 observation shows green vegetation, open fields, or natural land cover, while T2 reveals grey rectangular structures resembling buildings, paved road-like features, and reduced vegetation. This pattern of natural land → urban built-up area is characteristic of urbanisation processes.","Question type of change is classified as urbanisation. The T1 observation shows green vegetation, open fields, or natural land cover, while T2 reveals grey rectangular structures resembling buildings, paved road-like features, and reduced vegetation. This pattern of natural land → urban built-up area is characteristic of urbanisation processes. This process is consistent with conversion of natural land to built-up area. This pattern of natural land → urban built-up area is characteristic of urbanisation processes.",AnnualCrop,urbanisation,0.7419
What are the potential implications of the observed changes?,"The urbanisation observed between T1 and T2 has significant implications: loss of agricultural or natural land, increased impervious surfaces, altered local hydrology, potential urban heat island effects. The original agricultural fields with annual crops in T1 has been affected by conversion of natural or agricultural land to built-up urban area, as evidenced by grey rectangular structures resembling buildings, paved road-like features, and reduced vegetation visible in T2.","Question the same as the original observation, the urbanisation observed between T1 and T2 has significant implications: loss of agricultural or natural land, increased impervious surfaces, altered local hydrology, potential urban heat island effects. The original agricultural fields with annual crops in T1 has been affected by conversion of natural or agricultural land to built-up urban area, as evidenced by grey rectangular structures resembling buildings, paved road-like features, and reduced vegetation visible in T2. The progressive conversion of natural or agricultural land to built-up urban area consistent with municipal boundaries visible in T2 indicates urbanisation by conversion of natural or agricultural land to",AnnualCrop,urbanisation,0.7886
What changes occurred in this area between the two observation times?,"Comparing the two timestamps, this area has experienced transition from active growing season to post-harvest or fallow state. In T1, the scene shows green agricultural fields with visible crop growth and active vegetation, characteristic of permanent crop plantations and orchards. In T2, the scene now shows brown-yellow harvested or bare fields with crop stubble residue and reduced vegetation. The transition from green growing crops → brown harvested fields is clearly visible.","Question changes occurred in this area between the two timestamps. In T1, the scene shows the scene shows its characteristic land cover features, characteristic of agricultural fields with annual crops. In T2, the scene now shows the scene remains essentially unchanged with only minor brightness or contrast differences from natural variation. The transition from stable land cover → same land cover is clearly visible. This pattern of stable land cover → same land cover is characteristic of urbanisation processes. The transition from natural land cover → urban built-up area is clearly visible. This pattern of stable land cover → same land cover is characteristic of urbanisation processes.",PermanentCrop,seasonal_crop,0.2727
How extensive is the change between T1 and T2?,"The change extent is moderate — distinct burn scar areas with clear boundaries between burnt and unburnt zones. In T1, the original grasslands and herbaceous vegetation landscape is visible. In T2, dark charred patches with orange-brown fire edge boundaries, severely damaged vegetation. The abrupt, non-seasonal vegetation loss with characteristic burn scar patterns indicates fire or burn scar.","Question change extent is moderate — distinct burn scar areas with clear boundaries between burnt and unburnt zones. In T1, the original grasslands and herbaceous vegetation landscape is visible. In T2, dark charred patches with orange-brown fire edge boundaries, severely damaged vegetation. The abrupt, non-seasonal vegetation loss with characteristic burn scar patterns indicates fire or burn scar. The consistent, non-seasonal vegetation loss with characteristic burn scar patterns indicates fire or burn scar. The abrupt, non-seasonal vegetation loss with characteristic burn scar patterns indicates fire or burn scar. This pattern of permanent vegetation loss with characteristic burn scar patterns indicates",HerbaceousVegetation,fire_burn,0.7125
What changes occurred in this area between the two observation times?,"Comparing the two timestamps, this area has experienced inundation of previously dry terrain by water from rainfall, river overflow, or storm surge. In T1, the scene shows normal dry terrain with vegetation, fields, or mixed land cover, characteristic of agricultural fields with annual crops. In T2, the scene now shows dark blue-brown water patches covering low-lying areas, submerged vegetation, turbid water surface. The transition from dry land → water inundation is clearly visible.","Question changes occurred in both timestamps. In T1, the scene shows the scene shows its characteristic land cover features, characteristic of agricultural fields with annual crops. In T2, the scene now shows the scene remains essentially unchanged with only minor brightness or contrast differences from natural variation. The transition from stable land cover → same land cover is clearly visible. This pattern of stable land cover → same land cover is characteristic of agricultural fields → same land cover processes. This pattern of stable land cover → same land cover is characteristic of agricultural fields → same land cover processes. This pattern of stable land cover → same land cover is characteristic of agricultural fields",AnnualCrop,flooding,0.306
What type of land-cover change has occurred between T1 and T2?,"The observed change is classified as fire or burn scar. The T1 observation shows healthy green vegetation cover with intact canopy or ground cover, while T2 reveals dark charred patches with orange-brown fire edge boundaries, severely damaged vegetation. This pattern of healthy vegetation → charred burn scar is characteristic of fire or burn scar processes.","Question type of fire or burn scar. The observed change is classified as fire or burn scar. The T1 observation shows healthy green vegetation cover with intact canopy or ground cover, while T2 reveals dark charred patches with orange-brown fire edge boundaries, severely damaged vegetation. This pattern of healthy vegetation → charred burn scar is characteristic of fire or burn scar processes. This process is consistent with fire or burn scar processes as evidenced by dark charred patches with orange-brown fire edge boundaries, severely damaged vegetation. This pattern of healthy vegetation → charred burn scar is characteristic of fire or burn scar processes. This process is consistent with fire or burn scar processes",PermanentCrop,fire_burn,0.6548
What type of land-cover change has occurred between T1 and T2?,"The observed change is classified as fire or burn scar. The T1 observation shows healthy green vegetation cover with intact canopy or ground cover, while T2 reveals dark charred patches with orange-brown fire edge boundaries, severely damaged vegetation. This pattern of healthy vegetation → charred burn scar is characteristic of fire or burn scar processes.","Question is classified as fire or burn scar. The T1 observation shows healthy green vegetation cover with intact canopy or ground cover, while T2 reveals dark charred patches with orange-brown fire edge boundaries, severely damaged vegetation. This pattern of healthy vegetation → charred burn scar is characteristic of fire or burn scar processes. This process is characteristic of fire or burn scar processes. This pattern of healthy vegetation → charred burn scar is characteristic of fire or burn scar processes. This process is consistent with fire or burn scar processes. This pattern of healthy vegetation → charred burn scar is characteristic of fire or burn scar processes. This process is consistent with fire or burn",HerbaceousVegetation,fire_burn,0.619
What changes occurred in this area between the two observation times?,"Comparing the two timestamps, this area has experienced temporal stability with only minor natural variation between observation times. In T1, the scene shows the scene shows its characteristic land cover features, characteristic of highway and road infrastructure. In T2, the scene now shows the scene remains essentially unchanged with only minor brightness or contrast differences from natural variation. The transition from stable land cover → same land cover is clearly visible.","Question of the two timestamps, this area has experienced temporal stability with only minor natural variation between observation times. In T1, the scene shows the scene shows its characteristic land cover features, characteristic of highway and road infrastructure. In T2, the scene now shows the scene remains essentially unchanged with only minor brightness or contrast differences from natural variation. The transition from stable land cover → same land cover is clearly visible. This pattern of stable land cover → same land cover is characteristic of highway and road infrastructure development. The transition from stable land cover → same land cover is consistent with temporal stability. This pattern of stable land cover → same land",Highway,no_change,0.7667
How extensive is the change between T1 and T2?,"The change extent is moderate — distinct burn scar areas with clear boundaries between burnt and unburnt zones. In T1, the original dense forest with tree canopy cover landscape is visible. In T2, dark charred patches with orange-brown fire edge boundaries, severely damaged vegetation. The abrupt, non-seasonal vegetation loss with characteristic burn scar patterns indicates fire or burn scar.","Question change extent is moderate — distinct burn scar areas with clear boundaries between burnt and unburnt zones. In T1, the original dense forest with tree canopy cover landscape is visible. In T2, dark charred patches with orange-brown fire edge boundaries, severely damaged vegetation. The abrupt, non-seasonal vegetation loss with characteristic burn scar patterns indicates fire or burn scar. The irregular, non-seasonal vegetation loss with characteristic burn scar patterns indicates fire or burn scar. This pattern of permanent vegetation loss with characteristic burn scar patterns indicates fire or burn scar. The abrupt, non-seasonal vegetation loss with characteristic burn scar patterns indicates",Forest,fire_burn,0.7195
What changes occurred in this area between the two observation times?,"Comparing the two timestamps, this area has experienced destruction of vegetation by wildfire leaving charred remnants and burn scars. In T1, the scene shows healthy green vegetation cover with intact canopy or ground cover, characteristic of grasslands and herbaceous vegetation. In T2, the scene now shows dark charred patches with orange-brown fire edge boundaries, severely damaged vegetation. The transition from healthy vegetation → charred burn scar is clearly visible.","Question changes occurred in both timestamps. In T1, the scene shows the scene shows its characteristic land cover features, characteristic of grasslands and herbaceous vegetation. In T2, the scene now shows the scene remains essentially unchanged with only minor brightness or contrast differences from natural variation. The transition from stable land cover → same land cover is clearly visible. This pattern of stable land cover → same land cover is characteristic of grasslands and herbaceous vegetation processes. This pattern of stable land cover → same land cover is characteristic of grasslands and herbaceous vegetation processes. This pattern of stable land cover → same land cover is consistent with temporal",HerbaceousVegetation,fire_burn,0.2989
What changes occurred in this area between the two observation times?,"Comparing the two timestamps, this area has experienced inundation of previously dry terrain by water from rainfall, river overflow, or storm surge. In T1, the scene shows normal dry terrain with vegetation, fields, or mixed land cover, characteristic of pastoral grazing land and meadows. In T2, the scene now shows dark blue-brown water patches covering low-lying areas, submerged vegetation, turbid water surface. The transition from dry land → water inundation is clearly visible.","Question changes occurred in both timestamps. In T1, the scene shows the scene shows its characteristic land cover features, characteristic of pastoral grazing land and meadows. In T2, the scene now shows the scene remains essentially unchanged with only minor brightness or contrast differences from natural variation. The transition from stable land cover → same land cover is clearly visible. This pattern of stable land cover → same land cover is characteristic of pastoral grazing land and meadows. This pattern of stable land cover → same land cover is characteristic of pastoral grazing land and meadows. This pattern of stable land cover → same land cover is consistent with other pastoral grazing",Pasture,flooding,0.3077
Is there evidence that one image was taken more recently than the other?,There is no strong temporal indicator. Both T1 and T2 show dense forest with tree canopy cover with the scene remains essentially unchanged with only minor brightness or contrast differences from natural variation. The minor variations in brightness and contrast are consistent with different atmospheric conditions or sensor calibration rather than actual land-cover change.,Question is there evidence that one image was taken with a higher resolution than the other? Yes there is. Both T1 and T2 show dense forest with tree canopy cover with the scene remains essentially unchanged with only minor brightness or contrast differences from natural variation. The minor variations in brightness and contrast are consistent with different atmospheric conditions or sensor calibration rather than actual land-cover change. The minor variations in brightness and contrast are consistent with different atmospheric conditions or sensor calibration rather than actual land-cover change. This pattern of stable land cover with minor variations in brightness and contrast is characteristic of natural land-cover change processes.,Forest,no_change,0.6145
How extensive is the change between T1 and T2?,"The change extent is negligible — no meaningful land cover change detected. In T1, the original residential housing and neighbourhoods landscape is visible. In T2, the scene remains essentially unchanged with only minor brightness or contrast differences from natural variation. The consistent appearance across both timestamps indicating temporal stability indicates no significant change.","The change extent is negligible — no meaningful land cover change detected. In T1, the original residential housing and neighbourhoods landscape is visible. In T2, the scene remains essentially unchanged with only minor brightness or contrast differences from natural variation. The consistent appearance across both timestamps indicating temporal stability indicates no significant change. The consistent appearance across both timestamps indicating temporal stability indicates no significant change. This pattern of stable land cover with only minor variation indicates no significant change. The natural variation between T1 and T2 indicates no significant change. This pattern of stable land cover → same land cover",Residential,no_change,0.6887
